step;alive;min_v;max_v;std_v;min_gap;max_gap;std_gap
0;20;1.000000;1.000000;0.000000;5.000000;5.000000;0.000000
1;20;1.000000;1.000000;0.000000;5.000000;5.000000;0.000000
2;20;1.000000;1.000000;0.000000;5.000000;5.000000;0.000000
3;20;1.000000;1.000000;0.000000;5.000000;5.000000;0.000000
4;20;1.000000;1.000000;0.000000;5.000000;5.000000;0.000000
5;20;1.000000;1.000000;0.000000;5.000000;5.000000;0.000000
6;20;1.000000;1.000000;0.000000;5.000000;5.000000;0.000000
7;20;1.000000;1.000000;0.000000;5.000000;5.000000;0.000000
8;20;1.000000;1.000000;0.000000;5.000000;5.000000;0.000000
9;20;1.000000;1.000000;0.000000;5.000000;5.000000;0.000000
10;20;1.000000;1.000000;0.000000;5.000000;5.000000;0.000000
11;20;1.000000;1.000000;0.000000;5.000000;5.000000;0.000000
12;20;1.000000;1.000000;0.000000;5.000000;5.000000;0.000000
13;20;1.000000;1.000000;0.000000;5.000000;5.000000;0.000000
14;20;1.000000;1.000000;0.000000;5.000000;5.000000;0.000000
15;20;1.000000;1.000000;0.000000;5.000000;5.000000;0.000000
16;20;1.000000;1.000000;0.000000;5.000000;5.000000;0.000000
17;20;1.000000;1.000000;0.000000;5.000000;5.000000;0.000000
18;20;1.000000;1.000000;0.000000;5.000000;5.000000;0.000000
19;20;1.000000;1.000000;0.000000;5.000000;5.000000;0.000000
20;19;0.000000;1.500000;0.255141;5.000000;10.000000;1.116484
21;19;0.000000;1.500000;0.255271;5.000000;9.850000;1.081403
22;19;0.000000;1.500000;0.255670;5.000000;9.700000;1.046864
23;19;0.000000;1.500000;0.256275;5.000000;9.550000;1.012865
24;19;0.000000;1.500000;0.257037;5.000000;9.400000;0.979415
25;19;0.000000;1.500000;0.257918;5.000000;9.250000;0.946530
26;19;0.049730;1.500000;0.249107;5.000000;9.100000;0.914232
27;19;0.133333;1.500000;0.234033;5.000000;8.954973;0.883536
28;19;0.209389;1.500000;0.220855;5.000000;8.818306;0.855034
29;19;0.278686;1.500000;0.209352;5.000000;8.689245;0.828473
30;19;0.341924;1.500000;0.199326;5.000000;8.567114;0.803637
31;19;0.399723;1.500000;0.190605;5.000000;8.451306;0.780340
32;19;0.452632;1.500000;0.183032;5.000000;8.341279;0.758420
33;19;0.501142;1.500000;0.176470;5.000000;8.236542;0.737739
34;19;0.545688;1.500000;0.170797;5.000000;8.136656;0.718176
35;19;0.586656;1.500000;0.165903;5.000000;8.041225;0.699628
36;19;0.795311;1.500000;0.169651;5.000000;7.949890;0.682005
37;19;0.589159;1.500000;0.165205;5.000000;7.949890;0.678357
38;19;0.628243;1.500000;0.160944;5.000000;7.858806;0.661088
39;19;0.664161;1.500000;0.157328;5.000000;7.771631;0.644694
40;19;0.825300;1.500000;0.169532;5.000000;7.688047;0.629099
41;19;0.663491;1.500000;0.157308;5.000000;7.688047;0.625605
42;19;0.697989;1.500000;0.154156;5.000000;7.604396;0.610306
43;19;0.729676;1.500000;0.151530;5.000000;7.524195;0.595774
44;19;0.758831;1.500000;0.149350;5.000000;7.447162;0.581946
45;19;0.785704;1.500000;0.147551;5.000000;7.373045;0.568765
46;19;0.855727;1.500000;0.170365;5.000000;7.301616;0.556187
47;19;0.778301;1.500000;0.148147;5.000000;7.301616;0.552737
48;19;0.805003;1.500000;0.146539;5.000000;7.229446;0.540394
49;19;0.829572;1.500000;0.145250;5.000001;7.159946;0.528651
50;19;0.852219;1.500000;0.144228;5.000001;7.092903;0.517467
51;19;0.873130;1.500000;0.143429;5.000001;7.028125;0.506806
52;19;0.886477;1.500000;0.142818;5.000002;6.965438;0.496635
53;19;0.889444;1.500000;0.142362;5.000002;6.904686;0.486930
54;19;0.892725;1.500000;0.142037;5.000003;6.845726;0.477667
55;19;0.896259;1.500000;0.141822;5.000004;6.788430;0.468826
56;19;0.899994;1.500000;0.141698;5.000005;6.732681;0.460391
57;19;0.903883;1.500000;0.161275;5.000007;6.678374;0.452347
58;19;0.907890;1.500000;0.161275;5.000008;6.625411;0.443828
59;19;0.911981;1.500000;0.161334;5.000010;6.573705;0.435689
60;19;0.916128;1.500000;0.161440;5.000013;6.523174;0.427919
61;19;0.920308;1.500000;0.161583;5.000016;6.473746;0.420507
62;19;0.924500;1.500000;0.161755;5.000020;6.425353;0.413445
63;19;0.928688;1.500000;0.161951;5.000024;6.377933;0.406727
64;19;0.932859;1.500000;0.162165;5.000029;6.331429;0.400346
65;19;0.936999;1.500000;0.162394;5.000035;6.285788;0.394299
66;19;0.941100;1.500000;0.162634;5.000042;6.240963;0.388582
67;19;0.945153;1.500000;0.162882;5.000049;6.196910;0.383190
68;19;0.949152;1.500000;0.163136;5.000058;6.153586;0.378123
69;19;0.953092;1.500000;0.163395;5.000069;6.110953;0.373376
70;19;0.955455;1.500000;0.163656;5.000081;6.068977;0.368949
71;19;0.956609;1.500000;0.163919;5.000094;6.027625;0.364840
72;19;0.957787;1.500000;0.134740;5.000109;6.004697;0.361046
73;19;0.958987;1.316991;0.097080;5.000126;5.977468;0.357442
74;19;0.960206;1.307404;0.095568;5.000141;5.971865;0.354262
75;19;0.961432;1.298831;0.094191;5.000157;5.969180;0.351200
76;19;0.962659;1.291134;0.092921;5.000174;5.965940;0.348241
77;19;0.963877;1.284194;0.091738;5.000193;5.962224;0.345372
78;19;0.965083;1.277909;0.090629;5.000213;5.958102;0.342584
79;19;0.966271;1.272192;0.089579;5.000235;5.953636;0.339869
80;19;0.967438;1.266966;0.088581;5.000259;5.948878;0.337221
81;19;0.968580;1.262166;0.087627;5.000284;5.943873;0.334635
82;19;0.969698;1.257737;0.086712;5.000312;5.938663;0.332107
83;19;0.970787;1.253631;0.085830;5.000342;5.933281;0.329632
84;19;0.971849;1.249805;0.084978;5.000374;5.927758;0.327207
85;19;0.972882;1.246224;0.084153;5.000408;5.922119;0.324831
86;19;0.973885;1.242857;0.083353;5.000444;5.916389;0.322500
87;19;0.974859;1.239678;0.082575;5.000484;5.910586;0.320212
88;19;0.975804;1.236663;0.081818;5.000526;5.904727;0.317966
89;19;0.976721;1.233793;0.081081;5.000571;5.898828;0.315760
90;19;0.977609;1.231052;0.080363;5.000618;5.892902;0.313592
91;19;0.978469;1.228423;0.079661;5.000669;5.886961;0.311460
92;19;0.979302;1.225895;0.078976;5.000724;5.881013;0.309364
93;19;0.980109;1.223456;0.078307;5.000782;5.875068;0.307302
94;19;0.980889;1.221098;0.077652;5.000843;5.869133;0.305273
95;19;0.981645;1.218811;0.077011;5.000908;5.863214;0.303276
96;19;0.982377;1.216590;0.076384;5.000978;5.857318;0.301310
97;19;0.983085;1.214427;0.075770;5.001051;5.851448;0.299374
98;19;0.983770;1.212317;0.075168;5.001129;5.845609;0.297467
99;19;0.984434;1.210257;0.074578;5.001211;5.839804;0.295587
100;19;0.985031;1.208241;0.074000;5.001299;5.834037;0.293735
101;19;0.985336;1.206267;0.073433;5.001391;5.828310;0.291909
102;19;0.985639;1.204331;0.072876;5.001488;5.822625;0.290109
103;19;0.985939;1.202431;0.072330;5.001591;5.816984;0.288333
104;19;0.986236;1.200565;0.071794;5.001700;5.811388;0.286582
105;19;0.986529;1.198730;0.071267;5.001814;5.805839;0.284854
106;19;0.986820;1.196926;0.070750;5.001934;5.800338;0.283149
107;19;0.987107;1.195149;0.070241;5.002061;5.794886;0.281466
108;19;0.987390;1.193399;0.069742;5.002194;5.789483;0.279805
109;19;0.987669;1.191676;0.069250;5.002334;5.784130;0.278165
110;19;0.987945;1.189977;0.068767;5.002481;5.778826;0.276545
111;19;0.988217;1.188302;0.068292;5.002635;5.773573;0.274945
112;19;0.988486;1.186650;0.067825;5.002797;5.768371;0.273364
113;19;0.988750;1.185020;0.067365;5.002967;5.763218;0.271802
114;19;0.989011;1.183412;0.066912;5.003144;5.758117;0.270259
115;19;0.989267;1.181825;0.066466;5.003330;5.753065;0.268734
116;19;0.989520;1.180258;0.066027;5.003524;5.748063;0.267226
117;19;0.989769;1.178712;0.065595;5.003727;5.743111;0.265735
118;19;0.990014;1.177185;0.065169;5.003939;5.738209;0.264261
119;19;0.990256;1.175677;0.064749;5.004159;5.733356;0.262803
120;19;0.990493;1.174188;0.064335;5.004390;5.729876;0.261361
121;19;0.990727;1.172717;0.063927;5.004630;5.726989;0.259935
122;19;0.990957;1.171682;0.063525;5.004880;5.724097;0.258524
123;19;0.991183;1.170872;0.063129;5.005140;5.721202;0.257127
124;19;0.991405;1.170060;0.062738;5.005410;5.718304;0.255745
125;19;0.991624;1.169244;0.062352;5.005691;5.715405;0.254377
126;19;0.991840;1.168425;0.061972;5.005983;5.712504;0.253023
127;19;0.992052;1.167604;0.061596;5.006286;5.709602;0.251682
128;19;0.992260;1.166781;0.061225;5.006600;5.706700;0.250355
129;19;0.992465;1.165956;0.060859;5.006925;5.703799;0.249040
130;19;0.992667;1.165130;0.060498;5.007262;5.700899;0.247739
131;19;0.992865;1.164303;0.060141;5.007611;5.698000;0.246449
132;19;0.993060;1.163475;0.059789;5.007972;5.695104;0.245172
133;19;0.993252;1.162647;0.059441;5.008345;5.692211;0.243906
134;19;0.993441;1.161818;0.059097;5.008730;5.689320;0.242652
135;19;0.993627;1.160990;0.058757;5.009128;5.686434;0.241410
136;19;0.993809;1.160162;0.058421;5.009456;5.683552;0.240178
137;19;0.993989;1.159334;0.058089;5.009731;5.680675;0.238958
138;19;0.994166;1.158507;0.057761;5.010012;5.677803;0.237748
139;19;0.994341;1.157682;0.057437;5.010300;5.674936;0.236549
140;19;0.994512;1.156857;0.057116;5.010595;5.672075;0.235360
141;19;0.994681;1.156034;0.056799;5.010897;5.669221;0.234181
142;19;0.994847;1.155212;0.056485;5.011207;5.666373;0.233012
143;19;0.995011;1.154392;0.056174;5.011523;5.663532;0.231852
144;19;0.995168;1.153574;0.055867;5.011848;5.660699;0.230702
145;19;0.995269;1.152758;0.055563;5.012179;5.657873;0.229562
146;19;0.995370;1.151944;0.055263;5.012519;5.655055;0.228431
147;19;0.995471;1.151133;0.054965;5.012866;5.652246;0.227308
148;19;0.995572;1.150324;0.054670;5.013222;5.649444;0.226195
149;19;0.995674;1.149518;0.054379;5.013585;5.646652;0.225090
150;19;0.995776;1.148714;0.054090;5.013957;5.643868;0.223994
151;19;0.995878;1.147913;0.053804;5.014337;5.641094;0.222906
152;19;0.995980;1.147116;0.053521;5.014726;5.638329;0.221827
153;19;0.996083;1.146321;0.053240;5.015123;5.635573;0.220755
154;19;0.996186;1.145529;0.052963;5.015529;5.632827;0.219692
155;19;0.996289;1.144741;0.052687;5.015944;5.630091;0.218636
156;19;0.996392;1.143956;0.052415;5.016368;5.627365;0.217588
157;19;0.996496;1.143175;0.052145;5.016800;5.624650;0.216548
158;19;0.996600;1.142396;0.051877;5.017242;5.621944;0.215515
159;19;0.996705;1.141622;0.051612;5.017693;5.619249;0.214490
160;19;0.996810;1.140851;0.051349;5.018154;5.616565;0.213471
161;19;0.996916;1.140084;0.051088;5.018623;5.613891;0.212460
162;19;0.997022;1.139320;0.050830;5.019102;5.611229;0.211456
163;19;0.997128;1.138560;0.050574;5.019591;5.608577;0.210458
164;19;0.997235;1.137804;0.050320;5.020089;5.605936;0.209468
165;19;0.997343;1.137052;0.050068;5.020597;5.603306;0.208484
166;19;0.997451;1.136304;0.049818;5.021115;5.600687;0.207507
167;19;0.997560;1.135560;0.049570;5.021642;5.598080;0.206536
168;19;0.997670;1.135045;0.049325;5.022179;5.595484;0.205571
169;19;0.997780;1.134627;0.049081;5.022726;5.592899;0.204613
170;19;0.997891;1.134205;0.048839;5.023283;5.590326;0.203661
171;19;0.998003;1.133780;0.048600;5.023850;5.588123;0.202716
172;19;0.998115;1.133351;0.048362;5.024427;5.586605;0.201776
173;19;0.998228;1.132920;0.048126;5.025013;5.585077;0.200842
174;19;0.998343;1.132486;0.047891;5.025610;5.583541;0.199914
175;19;0.998457;1.132050;0.047659;5.026217;5.581996;0.198992
176;19;0.998573;1.131611;0.047428;5.026834;5.580443;0.198076
177;19;0.998690;1.131170;0.047199;5.027461;5.578881;0.197165
178;19;0.998808;1.130726;0.046972;5.028098;5.577313;0.196260
179;19;0.998927;1.130281;0.046746;5.028746;5.575737;0.195360
180;19;0.999046;1.129834;0.046522;5.029403;5.574155;0.194466
181;19;0.999167;1.129385;0.046300;5.030070;5.572566;0.193577
182;19;0.999289;1.128934;0.046079;5.030748;5.570972;0.192693
183;19;0.999411;1.128482;0.045860;5.031435;5.569372;0.191815
184;19;0.999535;1.128029;0.045642;5.032133;5.567766;0.190941
185;19;0.999660;1.127575;0.045426;5.032840;5.566156;0.190073
186;19;0.999786;1.127119;0.045211;5.033558;5.564541;0.189210
187;19;0.999913;1.126662;0.044998;5.034285;5.562921;0.188352
188;19;1.000042;1.126205;0.044786;5.035022;5.561298;0.187499
189;19;1.000171;1.125746;0.044576;5.035770;5.559671;0.186651
190;19;1.000302;1.125287;0.044367;5.036403;5.558041;0.185807
191;19;1.000434;1.124827;0.044159;5.036880;5.556407;0.184968
192;19;1.000567;1.124367;0.043953;5.037365;5.554770;0.184134
193;19;1.000702;1.123906;0.043748;5.037856;5.553131;0.183305
194;19;1.000838;1.123445;0.043545;5.038354;5.551489;0.182480
195;19;1.000975;1.122984;0.043343;5.038860;5.549845;0.181660
196;19;1.001113;1.122522;0.043142;5.039372;5.548199;0.180844
197;19;1.001253;1.122061;0.042942;5.039892;5.546552;0.180033
198;19;1.001394;1.121599;0.042744;5.040419;5.544903;0.179226
199;19;1.001537;1.121137;0.042547;5.040953;5.543252;0.178423
200;19;1.001680;1.120676;0.042351;5.041495;5.541601;0.177625
201;19;1.001826;1.120215;0.042156;5.042043;5.539948;0.176831
202;19;1.001972;1.119753;0.041962;5.042599;5.538295;0.176041
203;19;1.002120;1.119292;0.041770;5.043163;5.536641;0.175256
204;19;1.002269;1.118832;0.041579;5.043733;5.534987;0.174474
205;19;1.002420;1.118372;0.041389;5.044311;5.533333;0.173697
206;19;1.002572;1.117912;0.041200;5.044896;5.531679;0.172924
207;19;1.002726;1.117453;0.041012;5.045489;5.530025;0.172155
208;19;1.002881;1.116994;0.040825;5.046088;5.528371;0.171389
209;19;1.003038;1.116536;0.040640;5.046696;5.526718;0.170628
210;19;1.003156;1.116079;0.040455;5.047310;5.525066;0.169871
211;19;1.003272;1.115622;0.040272;5.047932;5.523414;0.169117
212;19;1.003389;1.115166;0.040089;5.048561;5.521763;0.168368
213;19;1.003507;1.114711;0.039908;5.049197;5.520113;0.167622
214;19;1.003625;1.114264;0.039727;5.049841;5.518465;0.166880
215;19;1.003745;1.114004;0.039548;5.050492;5.516818;0.166142
216;19;1.003865;1.113741;0.039370;5.051150;5.515172;0.165407
217;19;1.003985;1.113476;0.039192;5.051815;5.513528;0.164677
218;19;1.004107;1.113209;0.039016;5.052488;5.511885;0.163949
219;19;1.004229;1.112940;0.038841;5.053168;5.510244;0.163226
220;19;1.004352;1.112668;0.038666;5.053855;5.508606;0.162506
221;19;1.004476;1.112394;0.038493;5.054548;5.506969;0.161790
222;19;1.004601;1.112119;0.038320;5.055249;5.505977;0.161077
223;19;1.004727;1.111841;0.038149;5.055958;5.504999;0.160368
224;19;1.004854;1.111562;0.037978;5.056673;5.504013;0.159662
225;19;1.004981;1.111281;0.037808;5.057394;5.503019;0.158959
226;19;1.005110;1.110998;0.037639;5.058123;5.502018;0.158260
227;19;1.005239;1.110713;0.037471;5.058859;5.501010;0.157565
228;19;1.005370;1.110427;0.037304;5.059602;5.499996;0.156873
229;19;1.005501;1.110139;0.037138;5.060351;5.498974;0.156184
230;19;1.005634;1.109850;0.036973;5.061107;5.497947;0.155498
231;19;1.005767;1.109560;0.036808;5.061869;5.496913;0.154816
232;19;1.005901;1.109268;0.036645;5.062639;5.495873;0.154137
233;19;1.006037;1.108975;0.036482;5.063414;5.494827;0.153461
234;19;1.006173;1.108681;0.036320;5.064197;5.493775;0.152789
235;19;1.006310;1.108385;0.036159;5.064985;5.492719;0.152120
236;19;1.006449;1.108089;0.035999;5.065780;5.491657;0.151454
237;19;1.006588;1.107791;0.035839;5.066582;5.490589;0.150791
238;19;1.006729;1.107493;0.035681;5.067389;5.489517;0.150131
239;19;1.006870;1.107193;0.035523;5.068203;5.488441;0.149474
240;19;1.007013;1.106893;0.035366;5.069023;5.487359;0.148821
241;19;1.007157;1.106592;0.035209;5.069848;5.486274;0.148170
242;19;1.007301;1.106290;0.035054;5.070678;5.485184;0.147523
243;19;1.007447;1.105987;0.034899;5.071190;5.484090;0.146879
244;19;1.007594;1.105683;0.034745;5.071708;5.482992;0.146237
245;19;1.007742;1.105379;0.034592;5.072233;5.481890;0.145599
246;19;1.007891;1.105075;0.034440;5.072763;5.480785;0.144963
247;19;1.008041;1.104769;0.034288;5.073299;5.479676;0.144331
248;19;1.008192;1.104464;0.034137;5.073841;5.478564;0.143702
249;19;1.008345;1.104157;0.033987;5.074389;5.477449;0.143075
250;19;1.008498;1.103851;0.033837;5.074944;5.476331;0.142451
251;19;1.008653;1.103543;0.033689;5.075503;5.475210;0.141830
252;19;1.008808;1.103236;0.033541;5.076069;5.474086;0.141212
253;19;1.008965;1.102928;0.033393;5.076641;5.472960;0.140597
254;19;1.009122;1.102620;0.033247;5.077219;5.471831;0.139985
255;19;1.009281;1.102312;0.033101;5.077802;5.470700;0.139376
256;19;1.009441;1.102003;0.032956;5.078391;5.469566;0.138769
257;19;1.009602;1.101694;0.032811;5.078985;5.468431;0.138165
258;19;1.009764;1.101385;0.032668;5.079586;5.467293;0.137564
259;19;1.009927;1.101076;0.032525;5.080192;5.466154;0.136966
260;19;1.010091;1.100767;0.032382;5.080803;5.465013;0.136370
261;19;1.010256;1.100457;0.032240;5.081420;5.463870;0.135777
262;19;1.010422;1.100199;0.032099;5.082043;5.462725;0.135187
263;19;1.010589;1.100018;0.031959;5.082671;5.461579;0.134599
264;19;1.010757;1.099836;0.031819;5.083305;5.460432;0.134014
265;19;1.010927;1.099652;0.031680;5.083943;5.459283;0.133432
266;19;1.011097;1.099467;0.031542;5.084588;5.458134;0.132852
267;19;1.011268;1.099279;0.031404;5.085237;5.456983;0.132275
268;19;1.011440;1.099090;0.031267;5.085892;5.455832;0.131701
269;19;1.011614;1.098900;0.031130;5.086551;5.454679;0.131129
270;19;1.011788;1.098708;0.030994;5.087216;5.453526;0.130560
271;19;1.011963;1.098514;0.030859;5.087886;5.452372;0.129993
272;19;1.012139;1.098319;0.030725;5.088561;5.451562;0.129429
273;19;1.012316;1.098123;0.030591;5.089241;5.450870;0.128867
274;19;1.012440;1.097925;0.030457;5.089926;5.450172;0.128308
275;19;1.012554;1.097726;0.030325;5.090616;5.449468;0.127752
276;19;1.012670;1.097526;0.030192;5.091311;5.448758;0.127198
277;19;1.012786;1.097324;0.030061;5.092010;5.448043;0.126646
278;19;1.012903;1.097121;0.029930;5.092714;5.447321;0.126097
279;19;1.013022;1.096917;0.029800;5.093422;5.446595;0.125550
280;19;1.013141;1.096712;0.029670;5.094135;5.445862;0.125006
281;19;1.013262;1.096506;0.029541;5.094853;5.445125;0.124464
282;19;1.013383;1.096299;0.029412;5.095575;5.444382;0.123925
283;19;1.013505;1.096090;0.029284;5.096301;5.443635;0.123388
284;19;1.013629;1.095881;0.029157;5.097032;5.442882;0.122853
285;19;1.013753;1.095671;0.029030;5.097767;5.442125;0.122321
286;19;1.013879;1.095460;0.028904;5.098506;5.441363;0.121791
287;19;1.014005;1.095248;0.028778;5.099250;5.440597;0.121263
288;19;1.014132;1.095035;0.028653;5.099997;5.439826;0.120738
289;19;1.014261;1.094821;0.028529;5.100748;5.439051;0.120215
290;19;1.014390;1.094606;0.028405;5.101504;5.438272;0.119695
291;19;1.014520;1.094391;0.028282;5.102263;5.437489;0.119176
292;19;1.014652;1.094175;0.028159;5.103026;5.436701;0.118660
293;19;1.014784;1.093958;0.028036;5.103792;5.435910;0.118147
294;19;1.014917;1.093740;0.027915;5.104468;5.435115;0.117635
295;19;1.015051;1.093522;0.027794;5.104939;5.434317;0.117126
296;19;1.015186;1.093303;0.027673;5.105414;5.433515;0.116619
297;19;1.015322;1.093084;0.027553;5.105894;5.432710;0.116115
298;19;1.015459;1.092864;0.027433;5.106379;5.431901;0.115612
299;19;1.015597;1.092643;0.027314;5.106869;5.431089;0.115112
300;19;1.015736;1.092422;0.027196;5.107364;5.430274;0.114614
301;19;1.015875;1.092200;0.027078;5.107864;5.429455;0.114118
302;19;1.016016;1.091978;0.026961;5.108369;5.428634;0.113625
303;19;1.016157;1.091755;0.026844;5.108878;5.427810;0.113133
304;19;1.016300;1.091532;0.026727;5.109392;5.426984;0.112644
305;19;1.016443;1.091309;0.026611;5.109911;5.426154;0.112157
306;19;1.016587;1.091085;0.026496;5.110434;5.425322;0.111671
307;19;1.016732;1.090861;0.026381;5.110962;5.424488;0.111189
308;19;1.016878;1.090636;0.026267;5.111494;5.423651;0.110708
309;19;1.017024;1.090411;0.026153;5.112031;5.422811;0.110229
310;19;1.017172;1.090186;0.026040;5.112572;5.421970;0.109753
311;19;1.017320;1.090043;0.025927;5.113117;5.421126;0.109278
312;19;1.017469;1.089910;0.025815;5.113667;5.420281;0.108806
313;19;1.017619;1.089775;0.025703;5.114221;5.419433;0.108335
314;19;1.017769;1.089638;0.025592;5.114779;5.418583;0.107867
315;19;1.017921;1.089501;0.025481;5.115342;5.417732;0.107401
316;19;1.018073;1.089362;0.025371;5.115908;5.416879;0.106937
317;19;1.018226;1.089222;0.025261;5.116479;5.416024;0.106474
318;19;1.018379;1.089081;0.025151;5.117053;5.415167;0.106014
319;19;1.018534;1.088938;0.025043;5.117631;5.414309;0.105556
320;19;1.018689;1.088795;0.024934;5.118213;5.413450;0.105100
321;19;1.018844;1.088650;0.024826;5.118799;5.412589;0.104646
322;19;1.019001;1.088504;0.024719;5.119389;5.411891;0.104194
323;19;1.019158;1.088357;0.024612;5.119983;5.411374;0.103743
324;19;1.019316;1.088210;0.024505;5.120580;5.410852;0.103295
325;19;1.019475;1.088061;0.024399;5.121181;5.410325;0.102849
326;19;1.019634;1.087911;0.024294;5.121785;5.409793;0.102405
327;19;1.019794;1.087760;0.024189;5.122393;5.409257;0.101962
328;19;1.019947;1.087608;0.024084;5.123004;5.408716;0.101522
329;19;1.020047;1.087456;0.023980;5.123618;5.408171;0.101083
330;19;1.020147;1.087302;0.023876;5.124236;5.407622;0.100647
331;19;1.020248;1.087147;0.023773;5.124857;5.407068;0.100212
332;19;1.020350;1.086992;0.023670;5.125482;5.406510;0.099779
333;19;1.020454;1.086836;0.023568;5.126109;5.405948;0.099348
334;19;1.020558;1.086679;0.023466;5.126740;5.405381;0.098919
335;19;1.020662;1.086521;0.023365;5.127373;5.404811;0.098492
336;19;1.020768;1.086363;0.023264;5.128010;5.404237;0.098066
337;19;1.020875;1.086203;0.023163;5.128650;5.403659;0.097643
338;19;1.020983;1.086043;0.023063;5.129292;5.403078;0.097221
339;19;1.021091;1.085883;0.022963;5.129937;5.402493;0.096801
340;19;1.021200;1.085721;0.022864;5.130585;5.401904;0.096383
341;19;1.021311;1.085559;0.022765;5.131236;5.401312;0.095967
342;19;1.021422;1.085396;0.022667;5.131889;5.400716;0.095553
343;19;1.021533;1.085233;0.022569;5.132545;5.400118;0.095140
344;19;1.021646;1.085069;0.022471;5.133204;5.399516;0.094729
345;19;1.021760;1.084905;0.022374;5.133863;5.398910;0.094320
346;19;1.021874;1.084740;0.022277;5.134263;5.398302;0.093913
347;19;1.021989;1.084574;0.022181;5.134668;5.397691;0.093508
348;19;1.022105;1.084408;0.022085;5.135076;5.397077;0.093104
349;19;1.022222;1.084241;0.021990;5.135489;5.396459;0.092702
350;19;1.022339;1.084074;0.021895;5.135906;5.395840;0.092302
351;19;1.022457;1.083906;0.021800;5.136327;5.395217;0.091903
352;19;1.022576;1.083738;0.021706;5.136752;5.394592;0.091507
353;19;1.022696;1.083569;0.021612;5.137180;5.393964;0.091112
354;19;1.022817;1.083400;0.021519;5.137612;5.393333;0.090718
355;19;1.022938;1.083231;0.021426;5.138049;5.392700;0.090327
356;19;1.023060;1.083061;0.021334;5.138489;5.392065;0.089937
357;19;1.023182;1.082891;0.021241;5.138932;5.391428;0.089549
358;19;1.023305;1.082720;0.021150;5.139379;5.390788;0.089162
359;19;1.023429;1.082549;0.021058;5.139830;5.390146;0.088777
360;19;1.023554;1.082425;0.020967;5.140284;5.389502;0.088394
361;19;1.023679;1.082323;0.020877;5.140742;5.388856;0.088013
362;19;1.023805;1.082220;0.020787;5.141203;5.388207;0.087633
363;19;1.023932;1.082115;0.020697;5.141668;5.387557;0.087254
364;19;1.024059;1.082010;0.020608;5.142136;5.386905;0.086878
365;19;1.024187;1.081904;0.020519;5.142607;5.386252;0.086503
366;19;1.024315;1.081797;0.020430;5.143082;5.385596;0.086130
367;19;1.024444;1.081689;0.020342;5.143559;5.384939;0.085758
368;19;1.024574;1.081580;0.020254;5.144040;5.384280;0.085388
369;19;1.024704;1.081470;0.020166;5.144524;5.383619;0.085019
370;19;1.024835;1.081359;0.020079;5.145011;5.382957;0.084652
371;19;1.024966;1.081248;0.019993;5.145501;5.382294;0.084287
372;19;1.025098;1.081135;0.019906;5.145993;5.381658;0.083923
373;19;1.025230;1.081022;0.019820;5.146489;5.381259;0.083561
374;19;1.025363;1.080908;0.019735;5.146988;5.380857;0.083200
375;19;1.025497;1.080793;0.019650;5.147489;5.380451;0.082841
376;19;1.025630;1.080677;0.019565;5.147993;5.380040;0.082484
377;19;1.025765;1.080561;0.019480;5.148500;5.379627;0.082128
378;19;1.025900;1.080444;0.019396;5.149009;5.379209;0.081774
379;19;1.026035;1.080326;0.019313;5.149521;5.378788;0.081421
380;19;1.026171;1.080207;0.019229;5.150036;5.378363;0.081069
381;19;1.026276;1.080088;0.019146;5.150553;5.377935;0.080720
382;19;1.026359;1.079968;0.019064;5.151073;5.377504;0.080371
383;19;1.026443;1.079847;0.018981;5.151595;5.377069;0.080024
384;19;1.026528;1.079726;0.018899;5.152119;5.376631;0.079679
385;19;1.026614;1.079604;0.018818;5.152646;5.376189;0.079335
386;19;1.026701;1.079481;0.018737;5.153174;5.375745;0.078993
387;19;1.026788;1.079358;0.018656;5.153705;5.375297;0.078652
388;19;1.026876;1.079234;0.018575;5.154239;5.374847;0.078313
389;19;1.026965;1.079110;0.018495;5.154774;5.374393;0.077975
390;19;1.027055;1.078985;0.018415;5.155311;5.373936;0.077638
391;19;1.027145;1.078859;0.018336;5.155851;5.373477;0.077303
392;19;1.027236;1.078733;0.018257;5.156392;5.373015;0.076970
393;19;1.027328;1.078607;0.018178;5.156936;5.372550;0.076638
394;19;1.027421;1.078480;0.018099;5.157481;5.372082;0.076307
395;19;1.027514;1.078352;0.018021;5.158028;5.371612;0.075978
396;19;1.027608;1.078224;0.017943;5.158577;5.371139;0.075650
397;19;1.027702;1.078095;0.017866;5.158921;5.370663;0.075324
398;19;1.027798;1.077966;0.017789;5.159256;5.370185;0.074999
399;19;1.027893;1.077837;0.017712;5.159594;5.369705;0.074675
400;19;1.027990;1.077707;0.017636;5.159936;5.369222;0.074353
401;19;1.028087;1.077577;0.017560;5.160280;5.368737;0.074032
402;19;1.028185;1.077446;0.017484;5.160628;5.368250;0.073713
403;19;1.028283;1.077315;0.017408;5.160979;5.367760;0.073395
404;19;1.028382;1.077184;0.017333;5.161334;5.367269;0.073078
405;19;1.028482;1.077052;0.017258;5.161691;5.366775;0.072763
406;19;1.028582;1.076920;0.017184;5.162051;5.366279;0.072449
407;19;1.028683;1.076787;0.017110;5.162414;5.365782;0.072136
408;19;1.028784;1.076655;0.017036;5.162781;5.365282;0.071825
409;19;1.028886;1.076521;0.016962;5.163150;5.364780;0.071515
410;19;1.028989;1.076437;0.016889;5.163522;5.364277;0.071207
411;19;1.029092;1.076357;0.016816;5.163897;5.363771;0.070899
412;19;1.029195;1.076276;0.016744;5.164274;5.363264;0.070594
413;19;1.029299;1.076194;0.016672;5.164655;5.362756;0.070289
414;19;1.029404;1.076111;0.016600;5.165038;5.362245;0.069986
415;19;1.029509;1.076028;0.016528;5.165423;5.361733;0.069684
416;19;1.029614;1.075944;0.016457;5.165812;5.361220;0.069383
417;19;1.029720;1.075859;0.016386;5.166202;5.360705;0.069084
418;19;1.029827;1.075774;0.016315;5.166596;5.360188;0.068786
419;19;1.029934;1.075687;0.016245;5.166992;5.359670;0.068489
420;19;1.030041;1.075601;0.016175;5.167390;5.359151;0.068194
421;19;1.030149;1.075513;0.016105;5.167791;5.358630;0.067899
422;19;1.030257;1.075425;0.016035;5.168194;5.358108;0.067606
423;19;1.030366;1.075336;0.015966;5.168599;5.357720;0.067315
424;19;1.030475;1.075246;0.015897;5.169006;5.357405;0.067024
425;19;1.030585;1.075156;0.015829;5.169416;5.357086;0.066735
426;19;1.030694;1.075065;0.015760;5.169828;5.356765;0.066447
427;19;1.030805;1.074974;0.015692;5.170242;5.356440;0.066161
428;19;1.030915;1.074882;0.015625;5.170659;5.356113;0.065875
429;19;1.031027;1.074789;0.015557;5.171077;5.355782;0.065591
430;19;1.031138;1.074696;0.015490;5.171497;5.355449;0.065308
431;19;1.031250;1.074602;0.015423;5.171920;5.355113;0.065026
432;19;1.031362;1.074508;0.015357;5.172344;5.354774;0.064746
433;19;1.031431;1.074413;0.015290;5.172770;5.354433;0.064467
434;19;1.031500;1.074318;0.015225;5.173198;5.354088;0.064189
435;19;1.031569;1.074222;0.015159;5.173628;5.353742;0.063912
436;19;1.031639;1.074125;0.015093;5.174059;5.353392;0.063636
437;19;1.031710;1.074029;0.015028;5.174493;5.353040;0.063361
438;19;1.031781;1.073931;0.014963;5.174928;5.352686;0.063088
439;19;1.031853;1.073833;0.014899;5.175364;5.352329;0.062816
440;19;1.031925;1.073735;0.014835;5.175803;5.351970;0.062545
441;19;1.031998;1.073636;0.014771;5.176242;5.351608;0.062275
442;19;1.032072;1.073537;0.014707;5.176684;5.351244;0.062006
443;19;1.032146;1.073438;0.014643;5.177127;5.350878;0.061739
444;19;1.032221;1.073338;0.014580;5.177571;5.350510;0.061473
445;19;1.032297;1.073237;0.014517;5.178017;5.350139;0.061208
446;19;1.032373;1.073136;0.014455;5.178464;5.349767;0.060943
447;19;1.032449;1.073035;0.014392;5.178910;5.349392;0.060681
448;19;1.032526;1.072933;0.014330;5.179180;5.349015;0.060419
449;19;1.032604;1.072831;0.014269;5.179454;5.348636;0.060158
450;19;1.032682;1.072729;0.014207;5.179730;5.348255;0.059899
451;19;1.032761;1.072626;0.014146;5.180008;5.347873;0.059640
452;19;1.032840;1.072523;0.014085;5.180289;5.347488;0.059383
453;19;1.032920;1.072420;0.014024;5.180573;5.347102;0.059127
454;19;1.033000;1.072316;0.013963;5.180860;5.346714;0.058872
455;19;1.033081;1.072212;0.013903;5.181148;5.346324;0.058618
456;19;1.033162;1.072108;0.013843;5.181440;5.345932;0.058365
457;19;1.033244;1.072004;0.013783;5.181734;5.345539;0.058113
458;19;1.033326;1.071899;0.013724;5.182030;5.345144;0.057863
459;19;1.033409;1.071794;0.013665;5.182328;5.344748;0.057613
460;19;1.033492;1.071721;0.013606;5.182629;5.344349;0.057364
461;19;1.033575;1.071657;0.013547;5.182932;5.343950;0.057117
462;19;1.033659;1.071593;0.013489;5.183238;5.343549;0.056871
463;19;1.033744;1.071529;0.013431;5.183546;5.343146;0.056625
464;19;1.033828;1.071463;0.013373;5.183855;5.342742;0.056381
465;19;1.033914;1.071397;0.013315;5.184167;5.342337;0.056138
466;19;1.033999;1.071331;0.013257;5.184481;5.341931;0.055896
467;19;1.034085;1.071264;0.013200;5.184798;5.341523;0.055655
468;19;1.034172;1.071196;0.013143;5.185116;5.341114;0.055414
469;19;1.034258;1.071128;0.013087;5.185436;5.340703;0.055175
470;19;1.034345;1.071059;0.013030;5.185758;5.340292;0.054937
471;19;1.034433;1.070990;0.012974;5.186082;5.339879;0.054700
472;19;1.034521;1.070920;0.012918;5.186408;5.339466;0.054464
473;19;1.034609;1.070849;0.012862;5.186736;5.339067;0.054230
474;19;1.034697;1.070778;0.012807;5.187066;5.338817;0.053996
475;19;1.034786;1.070707;0.012752;5.187398;5.338566;0.053763
476;19;1.034875;1.070635;0.012697;5.187731;5.338311;0.053531
477;19;1.034965;1.070563;0.012642;5.188066;5.338055;0.053300
478;19;1.035055;1.070490;0.012587;5.188403;5.337795;0.053070
479;19;1.035145;1.070416;0.012533;5.188741;5.337534;0.052841
480;19;1.035235;1.070342;0.012479;5.189081;5.337270;0.052613
481;19;1.035326;1.070268;0.012425;5.189422;5.337004;0.052386
482;19;1.035417;1.070193;0.012371;5.189766;5.336736;0.052160
483;19;1.035508;1.070118;0.012318;5.190110;5.336466;0.051935
484;19;1.035571;1.070043;0.012265;5.190456;5.336193;0.051711
485;19;1.035627;1.069967;0.012212;5.190804;5.335918;0.051488
486;19;1.035683;1.069890;0.012159;5.191153;5.335641;0.051266
487;19;1.035740;1.069813;0.012107;5.191503;5.335363;0.051045
488;19;1.035797;1.069736;0.012055;5.191855;5.335082;0.050825
489;19;1.035854;1.069659;0.012003;5.192208;5.334799;0.050605
490;19;1.035913;1.069581;0.011951;5.192563;5.334514;0.050387
491;19;1.035971;1.069502;0.011899;5.192918;5.334227;0.050170
492;19;1.036031;1.069423;0.011848;5.193275;5.333939;0.049953
493;19;1.036090;1.069344;0.011797;5.193633;5.333648;0.049738
494;19;1.036150;1.069265;0.011746;5.193992;5.333356;0.049523
495;19;1.036211;1.069185;0.011695;5.194353;5.333062;0.049310
496;19;1.036272;1.069105;0.011645;5.194714;5.332766;0.049097
497;19;1.036334;1.069025;0.011595;5.195077;5.332469;0.048885
498;19;1.036396;1.068944;0.011545;5.195414;5.332170;0.048674
499;19;1.036458;1.068863;0.011495;5.195634;5.331869;0.048464
