step;alive;mean_v;min_v;max_v;std_v;min_gap;max_gap;mean_gap;std_gap
0;20;1.000000;1.000000;1.000000;0.000000;5.000000;5.000000;5.000000;0.000000
1;20;1.000000;1.000000;1.000000;0.000000;5.000000;5.000000;5.000000;0.000000
2;20;1.000000;1.000000;1.000000;0.000000;5.000000;5.000000;5.000000;0.000000
3;20;1.000000;1.000000;1.000000;0.000000;5.000000;5.000000;5.000000;0.000000
4;20;1.000000;1.000000;1.000000;0.000000;5.000000;5.000000;5.000000;0.000000
5;20;1.000000;1.000000;1.000000;0.000000;5.000000;5.000000;5.000000;0.000000
6;20;1.000000;1.000000;1.000000;0.000000;5.000000;5.000000;5.000000;0.000000
7;20;1.000000;1.000000;1.000000;0.000000;5.000000;5.000000;5.000000;0.000000
8;20;1.000000;1.000000;1.000000;0.000000;5.000000;5.000000;5.000000;0.000000
9;20;1.000000;1.000000;1.000000;0.000000;5.000000;5.000000;5.000000;0.000000
10;20;1.000000;1.000000;1.000000;0.000000;5.000000;5.000000;5.000000;0.000000
11;20;1.000000;1.000000;1.000000;0.000000;5.000000;5.000000;5.000000;0.000000
12;20;1.000000;1.000000;1.000000;0.000000;5.000000;5.000000;5.000000;0.000000
13;20;1.000000;1.000000;1.000000;0.000000;5.000000;5.000000;5.000000;0.000000
14;20;1.000000;1.000000;1.000000;0.000000;5.000000;5.000000;5.000000;0.000000
15;20;1.000000;1.000000;1.000000;0.000000;5.000000;5.000000;5.000000;0.000000
16;20;1.000000;1.000000;1.000000;0.000000;5.000000;5.000000;5.000000;0.000000
17;20;1.000000;1.000000;1.000000;0.000000;5.000000;5.000000;5.000000;0.000000
18;20;1.000000;1.000000;1.000000;0.000000;5.000000;5.000000;5.000000;0.000000
19;20;1.000000;1.000000;1.000000;0.000000;5.000000;5.000000;5.000000;0.000000
20;19;1.026316;1.000000;1.500000;0.111648;5.000000;10.000000;5.263158;1.116484
21;19;1.027632;1.000000;1.500000;0.111478;5.000000;9.950000;5.263158;1.104756
22;19;1.028947;1.000000;1.500000;0.111558;5.000000;9.900000;5.263158;1.093130
23;19;1.030263;1.000000;1.500000;0.111850;5.000000;9.850000;5.263158;1.081595
24;19;1.031579;1.000000;1.500000;0.112321;5.000000;9.800000;5.263158;1.070141
25;19;1.032895;1.000000;1.500000;0.112942;5.000000;9.750000;5.263158;1.058758
26;19;1.034211;1.000000;1.500000;0.113689;5.000000;9.700000;5.263158;1.047440
27;19;1.035526;1.000000;1.500000;0.114539;5.000000;9.650000;5.263158;1.036180
28;19;1.036842;1.000000;1.500000;0.115476;5.000000;9.600000;5.263158;1.024973
29;19;1.038158;1.000000;1.500000;0.116484;5.000000;9.550000;5.263158;1.013814
30;19;1.039474;1.000000;1.500000;0.117549;5.000000;9.500000;5.263158;1.002701
31;19;1.040789;1.000000;1.500000;0.118660;5.000000;9.450000;5.263158;0.991630
32;19;1.042105;1.000000;1.500000;0.119810;5.000000;9.400000;5.263158;0.980598
33;19;1.043421;1.000000;1.500000;0.120988;5.000000;9.350000;5.263158;0.969604
34;19;1.044737;1.000000;1.500000;0.122189;5.000000;9.300000;5.263158;0.958645
35;19;1.046053;1.000000;1.500000;0.123408;5.000000;9.250000;5.263158;0.947721
36;19;1.047368;1.000000;1.500000;0.124638;5.000000;9.200000;5.263158;0.936830
37;19;1.048684;1.000000;1.500000;0.125877;5.000000;9.150000;5.263158;0.925972
38;19;1.050000;1.000000;1.500000;0.127121;5.000000;9.100000;5.263158;0.915146
39;19;1.051316;1.000000;1.500000;0.128367;5.000000;9.050000;5.263158;0.904351
40;19;1.052632;1.000000;1.500000;0.129612;5.000000;9.000000;5.263158;0.893588
41;19;1.053947;1.000000;1.500000;0.130855;5.000000;8.950000;5.263158;0.882856
42;19;1.055263;1.000000;1.500000;0.132094;5.000000;8.900000;5.263158;0.872155
43;19;1.056579;1.000000;1.500000;0.133327;5.000000;8.850000;5.263158;0.861486
44;19;1.057895;1.000000;1.500000;0.134554;5.000000;8.800000;5.263158;0.850848
45;19;1.059211;1.000000;1.500000;0.135772;5.000000;8.750000;5.263158;0.840243
46;19;1.060526;1.000000;1.500000;0.136981;5.000000;8.700000;5.263158;0.829670
47;19;1.061842;1.000000;1.500000;0.138181;5.000000;8.650000;5.263158;0.819130
48;19;1.063158;1.000000;1.500000;0.139371;5.000000;8.600000;5.263158;0.808625
49;19;1.064474;1.000000;1.500000;0.140550;5.000000;8.550000;5.263158;0.798155
50;19;1.065789;1.000000;1.500000;0.141719;5.000000;8.500000;5.263158;0.787720
51;19;1.067105;1.000000;1.500000;0.142875;5.000000;8.450000;5.263158;0.777322
52;19;1.068421;1.000000;1.500000;0.144020;5.000000;8.400000;5.263158;0.766962
53;19;1.069737;1.000000;1.500000;0.145153;5.000000;8.350000;5.263158;0.756641
54;19;1.071053;1.000000;1.500000;0.146274;5.000000;8.300000;5.263158;0.746360
55;19;1.072368;1.000000;1.500000;0.147383;5.000000;8.250000;5.263158;0.736120
56;19;1.073684;1.000000;1.500000;0.148479;5.000000;8.200000;5.263158;0.725924
57;19;1.075000;1.000000;1.500000;0.149563;5.000000;8.150000;5.263158;0.715772
58;19;1.076316;1.000000;1.500000;0.150634;5.000000;8.100000;5.263158;0.705666
59;19;1.077632;1.000000;1.500000;0.151693;5.000000;8.050000;5.263158;0.695609
60;19;1.078947;1.000000;1.500000;0.152739;5.000000;8.000000;5.263158;0.685601
61;19;1.080263;1.000000;1.500000;0.153773;5.000000;7.950000;5.263158;0.675645
62;19;1.081579;1.000000;1.500000;0.154794;5.000000;7.900000;5.263158;0.665743
63;19;1.082895;1.000000;1.500000;0.155803;5.000000;7.850000;5.263158;0.655897
64;19;1.084211;1.000000;1.500000;0.156799;5.000000;7.800000;5.263158;0.646110
65;19;1.085526;1.000000;1.500000;0.157783;5.000000;7.750000;5.263158;0.636383
66;19;1.086842;1.000000;1.500000;0.158755;5.000000;7.700000;5.263158;0.626721
67;19;1.088158;1.000000;1.500000;0.159714;5.000000;7.650000;5.263158;0.617125
68;19;1.089474;1.000000;1.500000;0.160661;5.000000;7.600000;5.263158;0.607598
69;19;1.090789;1.000000;1.500000;0.161596;5.000000;7.550000;5.263158;0.598145
70;19;1.092105;1.000000;1.500000;0.162519;5.000000;7.500000;5.263158;0.588767
71;19;1.093421;1.000000;1.500000;0.163430;5.000000;7.450000;5.263158;0.579469
72;19;1.094737;1.000000;1.500000;0.164329;5.000000;7.400000;5.263158;0.570254
73;19;1.096053;1.000000;1.500000;0.165216;5.000000;7.350000;5.263158;0.561127
74;19;1.097368;1.000000;1.500000;0.166091;5.000000;7.300000;5.263158;0.552091
75;19;1.098684;1.000000;1.500000;0.166955;5.000000;7.250000;5.263158;0.543152
76;19;1.100000;1.000000;1.500000;0.167807;5.000000;7.200000;5.263158;0.534313
77;19;1.101316;1.000000;1.500000;0.168648;5.000000;7.150000;5.263158;0.525579
78;19;1.102632;1.000000;1.500000;0.169477;5.000000;7.100000;5.263158;0.516957
79;19;1.103947;1.000000;1.500000;0.170295;5.000000;7.050000;5.263158;0.508451
80;19;1.105263;1.000000;1.500000;0.171102;5.000000;7.000000;5.263158;0.500067
81;19;1.106579;1.000000;1.500000;0.171897;5.000000;6.950000;5.263158;0.491812
82;19;1.107895;1.000000;1.500000;0.172682;5.000000;6.900000;5.263158;0.483691
83;19;1.109211;1.000000;1.500000;0.173455;5.000000;6.850000;5.263158;0.475713
84;19;1.110526;1.000000;1.500000;0.174218;5.000000;6.800000;5.263158;0.467883
85;19;1.111842;1.000000;1.500000;0.174970;5.000000;6.750000;5.263158;0.460210
86;19;1.113158;1.000000;1.500000;0.175711;5.000000;6.700000;5.263158;0.452700
87;19;1.114474;1.000000;1.500000;0.176441;5.000000;6.650000;5.263158;0.445364
88;19;1.115789;1.000000;1.500000;0.177161;5.000000;6.600000;5.263158;0.438208
89;19;1.117105;1.000000;1.500000;0.177871;5.000000;6.550000;5.263158;0.431243
90;19;1.118421;1.000000;1.500000;0.178570;5.000000;6.500000;5.263158;0.424476
91;19;1.119737;1.000000;1.500000;0.179258;5.000000;6.450000;5.263158;0.417919
92;19;1.121053;1.000000;1.500000;0.179937;5.000000;6.400000;5.263158;0.411580
93;19;1.122368;1.000000;1.500000;0.180605;5.000000;6.350000;5.263158;0.405470
94;19;1.123684;1.000000;1.500000;0.181263;5.000000;6.300000;5.263158;0.399599
95;19;1.125000;1.000000;1.500000;0.181911;5.000000;6.250000;5.263158;0.393979
96;19;1.126316;1.000000;1.500000;0.182549;5.000000;6.200000;5.263158;0.388619
97;19;1.127632;1.000000;1.500000;0.183177;5.000000;6.150000;5.263158;0.383531
98;19;1.128947;1.000000;1.500000;0.183795;5.000000;6.100000;5.263158;0.378725
99;19;1.130263;1.000000;1.500000;0.184404;5.000000;6.050000;5.263158;0.374213
100;19;1.131579;1.000000;1.500000;0.185002;5.000000;6.000000;5.263158;0.370005
101;19;1.131579;1.000000;1.492155;0.183055;5.000000;5.984310;5.263158;0.366111
102;19;1.131579;1.000000;1.491297;0.181256;5.000000;5.982595;5.263158;0.362511
103;19;1.131579;1.000000;1.489295;0.179584;5.000000;5.978590;5.263158;0.359168
104;19;1.131579;1.000000;1.486265;0.178024;5.000000;5.972529;5.263158;0.356048
105;19;1.131579;1.000000;1.482314;0.176562;5.000000;5.964628;5.263158;0.353124
106;19;1.131579;1.000000;1.477543;0.175185;5.000000;5.955086;5.263158;0.350370
107;19;1.131579;1.000000;1.472043;0.173884;5.000000;5.944086;5.263158;0.347768
108;19;1.131579;1.000000;1.466254;0.172649;5.000000;5.932509;5.263158;0.345297
109;19;1.131579;1.000000;1.466237;0.171472;5.000000;5.932473;5.263158;0.342945
110;19;1.131579;1.000000;1.465884;0.170348;5.000000;5.931768;5.263158;0.340697
111;19;1.131579;1.000000;1.465189;0.169271;5.000001;5.930379;5.263158;0.338541
112;19;1.131579;1.000000;1.464148;0.168235;5.000001;5.928295;5.263158;0.336469
113;19;1.131579;1.000000;1.462758;0.167236;5.000001;5.925516;5.263158;0.334472
114;19;1.131579;1.000000;1.461023;0.166271;5.000001;5.922045;5.263158;0.332543
115;19;1.131579;1.000001;1.458946;0.165337;5.000001;5.917891;5.263158;0.330674
116;19;1.131579;1.000001;1.456533;0.164430;5.000001;5.913066;5.263158;0.328861
117;19;1.131579;1.000001;1.453794;0.163549;5.000001;5.907588;5.263158;0.327099
118;19;1.131579;1.000001;1.450737;0.162691;5.000002;5.901474;5.263158;0.325383
119;19;1.131579;1.000001;1.447374;0.161855;5.000002;5.894749;5.263158;0.323710
120;19;1.131579;1.000001;1.443718;0.161038;5.000002;5.887435;5.263158;0.322076
121;19;1.131579;1.000001;1.439780;0.160240;5.000003;5.879559;5.263158;0.320480
122;19;1.131579;1.000002;1.435574;0.159458;5.000003;5.871149;5.263158;0.318917
123;19;1.131579;1.000002;1.433864;0.158693;5.000003;5.867728;5.263158;0.317386
124;19;1.131579;1.000002;1.433726;0.157942;5.000004;5.867453;5.263158;0.315884
125;19;1.131579;1.000002;1.433361;0.157206;5.000005;5.866722;5.263158;0.314411
126;19;1.131579;1.000003;1.432768;0.156482;5.000005;5.865536;5.263158;0.312964
127;19;1.131579;1.000003;1.431948;0.155771;5.000006;5.863896;5.263158;0.311542
128;19;1.131579;1.000003;1.430903;0.155071;5.000007;5.861805;5.263158;0.310143
129;19;1.131579;1.000004;1.429635;0.154383;5.000008;5.859269;5.263158;0.308766
130;19;1.131579;1.000005;1.428146;0.153706;5.000009;5.856293;5.263158;0.307411
131;19;1.131579;1.000005;1.426442;0.153038;5.000010;5.852884;5.263158;0.306076
132;19;1.131579;1.000006;1.424525;0.152380;5.000012;5.849050;5.263158;0.304760
133;19;1.131579;1.000007;1.422400;0.151731;5.000013;5.844800;5.263158;0.303463
134;19;1.131579;1.000008;1.420072;0.151092;5.000015;5.840145;5.263158;0.302183
135;19;1.131579;1.000008;1.417547;0.150460;5.000017;5.835095;5.263158;0.300920
136;19;1.131579;1.000010;1.414830;0.149837;5.000019;5.829661;5.263158;0.299674
137;19;1.131579;1.000011;1.411928;0.149222;5.000022;5.823856;5.263158;0.298443
138;19;1.131579;1.000012;1.408846;0.148614;5.000024;5.817693;5.263158;0.297228
139;19;1.131579;1.000014;1.405592;0.148013;5.000027;5.811185;5.263158;0.296027
140;19;1.131579;1.000015;1.403782;0.147420;5.000031;5.807564;5.263158;0.294840
141;19;1.131579;1.000017;1.403702;0.146833;5.000034;5.807403;5.263158;0.293667
142;19;1.131579;1.000019;1.403446;0.146253;5.000038;5.806892;5.263158;0.292507
143;19;1.131579;1.000021;1.403017;0.145680;5.000043;5.806034;5.263158;0.291359
144;19;1.131579;1.000024;1.402416;0.145112;5.000048;5.804832;5.263158;0.290225
145;19;1.131579;1.000027;1.401644;0.144551;5.000053;5.803288;5.263158;0.289102
146;19;1.131579;1.000030;1.400704;0.143995;5.000059;5.801408;5.263158;0.287991
147;19;1.131579;1.000033;1.399597;0.143446;5.000066;5.799195;5.263158;0.286891
148;19;1.131579;1.000037;1.398328;0.142901;5.000073;5.796655;5.263158;0.285803
149;19;1.131579;1.000040;1.396897;0.142362;5.000081;5.793795;5.263158;0.284725
150;19;1.131579;1.000045;1.395309;0.141829;5.000090;5.790619;5.263158;0.283658
151;19;1.131579;1.000050;1.393567;0.141300;5.000099;5.787134;5.263158;0.282601
152;19;1.131579;1.000055;1.391674;0.140777;5.000109;5.783348;5.263158;0.281553
153;19;1.131579;1.000060;1.389634;0.140258;5.000121;5.779267;5.263158;0.280516
154;19;1.131579;1.000066;1.387450;0.139744;5.000133;5.774900;5.263158;0.279488
155;19;1.131579;1.000073;1.385127;0.139235;5.000146;5.770254;5.263158;0.278470
156;19;1.131579;1.000080;1.382669;0.138730;5.000161;5.765338;5.263158;0.277460
157;19;1.131579;1.000088;1.380080;0.138230;5.000176;5.760159;5.263158;0.276459
158;19;1.131579;1.000097;1.377814;0.137734;5.000193;5.755629;5.263158;0.275467
159;19;1.131579;1.000106;1.377792;0.137242;5.000212;5.755584;5.263158;0.274484
160;19;1.131579;1.000116;1.377629;0.136754;5.000232;5.755257;5.263158;0.273509
161;19;1.131579;1.000127;1.377326;0.136271;5.000254;5.754651;5.263158;0.272542
162;19;1.131579;1.000138;1.376884;0.135791;5.000277;5.753769;5.263158;0.271582
163;19;1.131579;1.000151;1.376307;0.135315;5.000302;5.752613;5.263158;0.270631
164;19;1.131579;1.000165;1.375594;0.134844;5.000329;5.751187;5.263158;0.269687
165;19;1.131579;1.000179;1.374747;0.134375;5.000359;5.749494;5.263158;0.268751
166;19;1.131579;1.000195;1.373770;0.133911;5.000390;5.747539;5.263158;0.267822
167;19;1.131579;1.000212;1.372663;0.133450;5.000424;5.745325;5.263158;0.266900
168;19;1.131579;1.000230;1.371429;0.132993;5.000460;5.742858;5.263158;0.265986
169;19;1.131579;1.000250;1.370070;0.132539;5.000499;5.740141;5.263158;0.265078
170;19;1.131579;1.000271;1.368590;0.132088;5.000541;5.737180;5.263158;0.264177
171;19;1.131579;1.000293;1.366990;0.131641;5.000586;5.733979;5.263158;0.263282
172;19;1.131579;1.000317;1.365273;0.131197;5.000634;5.730546;5.263158;0.262395
173;19;1.131579;1.000343;1.363442;0.130757;5.000686;5.726884;5.263158;0.261513
174;19;1.131579;1.000370;1.361500;0.130319;5.000741;5.723000;5.263158;0.260638
175;19;1.131579;1.000400;1.359450;0.129885;5.000799;5.718900;5.263158;0.259769
176;19;1.131579;1.000431;1.357295;0.129453;5.000862;5.714589;5.263158;0.258907
177;19;1.131579;1.000464;1.355691;0.129025;5.000929;5.711382;5.263158;0.258050
178;19;1.131579;1.000500;1.355658;0.128600;5.001000;5.711317;5.263158;0.257199
179;19;1.131579;1.000538;1.355509;0.128177;5.001075;5.711019;5.263158;0.256354
180;19;1.131579;1.000578;1.355245;0.127757;5.001156;5.710491;5.263158;0.255515
181;19;1.131579;1.000621;1.354867;0.127341;5.001241;5.709735;5.263158;0.254681
182;19;1.131579;1.000666;1.354377;0.126926;5.001332;5.708754;5.263158;0.253853
183;19;1.131579;1.000714;1.353775;0.126515;5.001429;5.707549;5.263158;0.253030
184;19;1.131579;1.000766;1.353063;0.126106;5.001531;5.706125;5.263158;0.252213
185;19;1.131579;1.000820;1.352242;0.125700;5.001640;5.704485;5.263158;0.251400
186;19;1.131579;1.000877;1.351315;0.125297;5.001754;5.702631;5.263158;0.250593
187;19;1.131579;1.000938;1.350283;0.124896;5.001876;5.700566;5.263158;0.249791
188;19;1.131579;1.001002;1.349148;0.124497;5.002005;5.698296;5.263158;0.248995
189;19;1.131579;1.001070;1.347912;0.124101;5.002141;5.695823;5.263158;0.248203
190;19;1.131579;1.001142;1.346576;0.123708;5.002284;5.693151;5.263158;0.247416
191;19;1.131579;1.001218;1.345143;0.123317;5.002436;5.690286;5.263158;0.246633
192;19;1.131579;1.001298;1.343615;0.122928;5.002595;5.687229;5.263158;0.245856
193;19;1.131579;1.001382;1.341994;0.122541;5.002764;5.683987;5.263158;0.245083
194;19;1.131579;1.001471;1.340282;0.122157;5.002941;5.680564;5.263158;0.244315
195;19;1.131579;1.001564;1.338482;0.121775;5.003128;5.676963;5.263158;0.243551
196;19;1.131579;1.001662;1.336736;0.121396;5.003325;5.673471;5.263158;0.242792
197;19;1.131579;1.001766;1.336729;0.121018;5.003532;5.673457;5.263158;0.242037
198;19;1.131579;1.001874;1.336623;0.120643;5.003749;5.673247;5.263158;0.241286
199;19;1.131579;1.001989;1.336421;0.120270;5.003977;5.672842;5.263158;0.240540
200;19;1.131579;1.002108;1.336122;0.119899;5.004217;5.672244;5.263158;0.239798
201;19;1.131579;1.002234;1.335728;0.119530;5.004468;5.671456;5.263158;0.239060
202;19;1.131579;1.002366;1.335239;0.119163;5.004731;5.670479;5.263158;0.238326
203;19;1.131579;1.002504;1.334658;0.118798;5.005007;5.669315;5.263158;0.237597
204;19;1.131579;1.002648;1.333984;0.118436;5.005297;5.667968;5.263158;0.236871
205;19;1.131579;1.002800;1.333220;0.118075;5.005599;5.666439;5.263158;0.236149
206;19;1.131579;1.002958;1.332366;0.117716;5.005916;5.664732;5.263158;0.235431
207;19;1.131579;1.003123;1.331425;0.117359;5.006247;5.662849;5.263158;0.234717
208;19;1.131579;1.003296;1.330397;0.117004;5.006592;5.660794;5.263158;0.234007
209;19;1.131579;1.003446;1.329284;0.116650;5.006892;5.658568;5.263158;0.233301
210;19;1.131579;1.003447;1.328088;0.116299;5.006895;5.656176;5.263158;0.232598
211;19;1.131579;1.003458;1.326810;0.115950;5.006916;5.653621;5.263158;0.231899
212;19;1.131579;1.003478;1.325453;0.115602;5.006957;5.650905;5.263158;0.231204
213;19;1.131579;1.003508;1.324017;0.115256;5.007016;5.648034;5.263158;0.230512
214;19;1.131579;1.003546;1.322504;0.114912;5.007093;5.645009;5.263158;0.229823
215;19;1.131579;1.003594;1.320917;0.114569;5.007189;5.641834;5.263158;0.229139
216;19;1.131579;1.003651;1.320368;0.114229;5.007303;5.640735;5.263158;0.228457
217;19;1.131579;1.003718;1.320312;0.113890;5.007435;5.640624;5.263158;0.227779
218;19;1.131579;1.003793;1.320173;0.113552;5.007586;5.640346;5.263158;0.227104
219;19;1.131579;1.003878;1.319950;0.113217;5.007756;5.639901;5.263158;0.226433
220;19;1.131579;1.003972;1.319646;0.112883;5.007944;5.639292;5.263158;0.225765
221;19;1.131579;1.004075;1.319260;0.112550;5.008151;5.638520;5.263158;0.225100
222;19;1.131579;1.004188;1.318793;0.112219;5.008376;5.637587;5.263158;0.224439
223;19;1.131579;1.004311;1.318247;0.111890;5.008621;5.636495;5.263158;0.223780
224;19;1.131579;1.004443;1.317623;0.111562;5.008885;5.635246;5.263158;0.223125
225;19;1.131579;1.004584;1.316921;0.111236;5.009168;5.633842;5.263158;0.222473
226;19;1.131579;1.004736;1.316143;0.110912;5.009471;5.632285;5.263158;0.221824
227;19;1.131579;1.004897;1.315289;0.110589;5.009794;5.630578;5.263158;0.221177
228;19;1.131579;1.005069;1.314362;0.110267;5.010137;5.628723;5.263158;0.220534
229;19;1.131579;1.005250;1.313361;0.109947;5.010500;5.626723;5.263158;0.219894
230;19;1.131579;1.005442;1.312290;0.109629;5.010884;5.624580;5.263158;0.219257
231;19;1.131579;1.005644;1.311148;0.109311;5.011289;5.622296;5.263158;0.218623
232;19;1.131579;1.005857;1.309937;0.108996;5.011715;5.619875;5.263158;0.217991
233;19;1.131579;1.006081;1.308659;0.108681;5.012162;5.617319;5.263158;0.217363
234;19;1.131579;1.006316;1.307315;0.108368;5.012631;5.614631;5.263158;0.216737
235;19;1.131579;1.006561;1.306069;0.108057;5.013123;5.612139;5.263158;0.216114
236;19;1.131579;1.006818;1.306061;0.107747;5.013637;5.612122;5.263158;0.215494
237;19;1.131579;1.006943;1.305980;0.107438;5.013887;5.611960;5.263158;0.214876
238;19;1.131579;1.006951;1.305826;0.107131;5.013901;5.611652;5.263158;0.214261
239;19;1.131579;1.006971;1.305600;0.106825;5.013943;5.611200;5.263158;0.213649
240;19;1.131579;1.007006;1.305303;0.106520;5.014012;5.610606;5.263158;0.213040
241;19;1.131579;1.007054;1.304935;0.106216;5.014107;5.609871;5.263158;0.212433
242;19;1.131579;1.007115;1.304498;0.105914;5.014230;5.608996;5.263158;0.211829
243;19;1.131579;1.007189;1.303991;0.105613;5.014379;5.607983;5.263158;0.211227
244;19;1.131579;1.007277;1.303417;0.105314;5.014554;5.606834;5.263158;0.210628
245;19;1.131579;1.007378;1.302775;0.105016;5.014757;5.605550;5.263158;0.210031
246;19;1.131579;1.007493;1.302067;0.104719;5.014985;5.604133;5.263158;0.209437
247;19;1.131579;1.007620;1.301293;0.104423;5.015241;5.602586;5.263158;0.208845
248;19;1.131579;1.007761;1.300455;0.104128;5.015522;5.600910;5.263158;0.208256
249;19;1.131579;1.007915;1.299553;0.103835;5.015831;5.599107;5.263158;0.207669
250;19;1.131579;1.008083;1.298590;0.103542;5.016165;5.597179;5.263158;0.207085
251;19;1.131579;1.008263;1.297565;0.103251;5.016527;5.595129;5.263158;0.206503
252;19;1.131579;1.008458;1.296480;0.102962;5.016915;5.592959;5.263158;0.205923
253;19;1.131579;1.008665;1.295335;0.102673;5.017330;5.590671;5.263158;0.205346
254;19;1.131579;1.008886;1.294133;0.102385;5.017772;5.588267;5.263158;0.204771
255;19;1.131579;1.009120;1.293479;0.102099;5.018241;5.586959;5.263158;0.204198
256;19;1.131579;1.009369;1.293449;0.101814;5.018737;5.586898;5.263158;0.203627
257;19;1.131579;1.009630;1.293355;0.101530;5.019261;5.586709;5.263158;0.203059
258;19;1.131579;1.009906;1.293197;0.101247;5.019811;5.586393;5.263158;0.202493
259;19;1.131579;1.010195;1.292975;0.100965;5.020390;5.585951;5.263158;0.201929
260;19;1.131579;1.010498;1.292692;0.100684;5.020996;5.585383;5.263158;0.201368
261;19;1.131579;1.010815;1.292346;0.100404;5.021631;5.584691;5.263158;0.200808
262;19;1.131579;1.010883;1.291939;0.100126;5.021766;5.583877;5.263158;0.200251
263;19;1.131579;1.010896;1.291471;0.099848;5.021792;5.582942;5.263158;0.199696
264;19;1.131579;1.010926;1.290943;0.099572;5.021852;5.581886;5.263158;0.199143
265;19;1.131579;1.010972;1.290356;0.099296;5.021944;5.580713;5.263158;0.198592
266;19;1.131579;1.011035;1.289711;0.099022;5.022070;5.579422;5.263158;0.198043
267;19;1.131579;1.011114;1.289008;0.098748;5.022228;5.578016;5.263158;0.197497
268;19;1.131579;1.011209;1.288248;0.098476;5.022418;5.576497;5.263158;0.196952
269;19;1.131579;1.011320;1.287433;0.098205;5.022641;5.574865;5.263158;0.196409
270;19;1.131579;1.011448;1.286562;0.097934;5.022896;5.573124;5.263158;0.195869
271;19;1.131579;1.011591;1.285637;0.097665;5.023183;5.571274;5.263158;0.195330
272;19;1.131579;1.011751;1.284659;0.097397;5.023502;5.569318;5.263158;0.194793
273;19;1.131579;1.011926;1.283629;0.097129;5.023853;5.567257;5.263158;0.194259
274;19;1.131579;1.012118;1.282547;0.096863;5.024236;5.565094;5.263158;0.193726
275;19;1.131579;1.012325;1.282282;0.096598;5.024650;5.564564;5.263158;0.193195
276;19;1.131579;1.012548;1.282238;0.096333;5.025096;5.564477;5.263158;0.192666
277;19;1.131579;1.012787;1.282138;0.096070;5.025574;5.564276;5.263158;0.192139
278;19;1.131579;1.013042;1.281981;0.095807;5.026084;5.563963;5.263158;0.191614
279;19;1.131579;1.013313;1.281769;0.095545;5.026626;5.563538;5.263158;0.191091
280;19;1.131579;1.013600;1.281501;0.095285;5.027199;5.563001;5.263158;0.190570
281;19;1.131579;1.013902;1.281177;0.095025;5.027804;5.562355;5.263158;0.190050
282;19;1.131579;1.014221;1.280800;0.094766;5.028441;5.561599;5.263158;0.189532
283;19;1.131579;1.014555;1.280368;0.094508;5.029110;5.560736;5.263158;0.189017
284;19;1.131579;1.014905;1.279883;0.094251;5.029811;5.559767;5.263158;0.188503
285;19;1.131579;1.015123;1.279346;0.093995;5.030245;5.558692;5.263158;0.187990
286;19;1.131579;1.015130;1.278756;0.093740;5.030260;5.557513;5.263158;0.187480
287;19;1.131579;1.015156;1.278116;0.093486;5.030313;5.556231;5.263158;0.186971
288;19;1.131579;1.015201;1.277424;0.093232;5.030402;5.554849;5.263158;0.186464
289;19;1.131579;1.015264;1.276683;0.092980;5.030529;5.553366;5.263158;0.185959
290;19;1.131579;1.015346;1.275893;0.092728;5.030692;5.551785;5.263158;0.185456
291;19;1.131579;1.015446;1.275054;0.092477;5.030892;5.550108;5.263158;0.184954
292;19;1.131579;1.015564;1.274168;0.092227;5.031128;5.548335;5.263158;0.184454
293;19;1.131579;1.015700;1.273234;0.091978;5.031401;5.546469;5.263158;0.183956
294;19;1.131579;1.015854;1.272255;0.091730;5.031709;5.544511;5.263158;0.183459
295;19;1.131579;1.016026;1.272249;0.091482;5.032053;5.544497;5.263158;0.182964
296;19;1.131579;1.016216;1.272198;0.091235;5.032433;5.544395;5.263158;0.182471
297;19;1.131579;1.016424;1.272096;0.090990;5.032848;5.544192;5.263158;0.181979
298;19;1.131579;1.016649;1.271944;0.090745;5.033298;5.543887;5.263158;0.181489
299;19;1.131579;1.016892;1.271741;0.090501;5.033784;5.543483;5.263158;0.181001
300;19;1.131579;1.017153;1.271489;0.090257;5.034305;5.542978;5.263158;0.180514
301;19;1.131579;1.017431;1.271188;0.090015;5.034862;5.542376;5.263158;0.180029
302;19;1.131579;1.017726;1.270838;0.089773;5.035453;5.541676;5.263158;0.179546
303;19;1.131579;1.018039;1.270439;0.089532;5.036079;5.540879;5.263158;0.179064
304;19;1.131579;1.018370;1.269993;0.089292;5.036740;5.539987;5.263158;0.178583
305;19;1.131579;1.018718;1.269500;0.089052;5.037435;5.539000;5.263158;0.178105
306;19;1.131579;1.019083;1.268960;0.088814;5.038166;5.537920;5.263158;0.177627
307;19;1.131579;1.019465;1.268374;0.088576;5.038931;5.536748;5.263158;0.177152
308;19;1.131579;1.019548;1.267742;0.088339;5.039096;5.535484;5.263158;0.176678
309;19;1.131579;1.019564;1.267066;0.088103;5.039128;5.534132;5.263158;0.176205
310;19;1.131579;1.019600;1.266345;0.087867;5.039200;5.532690;5.263158;0.175734
311;19;1.131579;1.019656;1.265581;0.087632;5.039311;5.531162;5.263158;0.175264
312;19;1.131579;1.019731;1.264774;0.087398;5.039462;5.529547;5.263158;0.174796
313;19;1.131579;1.019827;1.263924;0.087165;5.039653;5.527848;5.263158;0.174330
314;19;1.131579;1.019941;1.263207;0.086932;5.039883;5.526414;5.263158;0.173865
315;19;1.131579;1.020076;1.263198;0.086701;5.040151;5.526396;5.263158;0.173401
316;19;1.131579;1.020229;1.263143;0.086469;5.040458;5.526287;5.263158;0.172939
317;19;1.131579;1.020402;1.263043;0.086239;5.040804;5.526085;5.263158;0.172478
318;19;1.131579;1.020594;1.262896;0.086010;5.041188;5.525793;5.263158;0.172019
319;19;1.131579;1.020805;1.262705;0.085781;5.041609;5.525410;5.263158;0.171561
320;19;1.131579;1.021034;1.262469;0.085552;5.042069;5.524938;5.263158;0.171105
321;19;1.131579;1.021283;1.262188;0.085325;5.042566;5.524376;5.263158;0.170650
322;19;1.131579;1.021550;1.261864;0.085098;5.043101;5.523727;5.263158;0.170196
323;19;1.131579;1.021836;1.261495;0.084872;5.043673;5.522991;5.263158;0.169744
324;19;1.131579;1.022141;1.261084;0.084647;5.044282;5.522168;5.263158;0.169294
325;19;1.131579;1.022464;1.260630;0.084422;5.044928;5.521260;5.263158;0.168844
326;19;1.131579;1.022805;1.260134;0.084198;5.045611;5.520267;5.263158;0.168396
327;19;1.131579;1.023165;1.259596;0.083975;5.046330;5.519191;5.263158;0.167950
328;19;1.131579;1.023543;1.259016;0.083752;5.047086;5.518033;5.263158;0.167505
329;19;1.131579;1.023939;1.258397;0.083530;5.047879;5.516793;5.263158;0.167061
330;19;1.131579;1.024065;1.257737;0.083309;5.048129;5.515474;5.263158;0.166618
331;19;1.131579;1.024079;1.257037;0.083089;5.048158;5.514075;5.263158;0.166177
332;19;1.131579;1.024114;1.256299;0.082869;5.048229;5.512598;5.263158;0.165737
333;19;1.131579;1.024171;1.255522;0.082650;5.048341;5.511044;5.263158;0.165299
334;19;1.131579;1.024247;1.254999;0.082431;5.048494;5.509999;5.263158;0.164862
335;19;1.131579;1.024344;1.254985;0.082213;5.048689;5.509970;5.263158;0.164426
336;19;1.131579;1.024462;1.254928;0.081996;5.048924;5.509857;5.263158;0.163992
337;19;1.131579;1.024600;1.254830;0.081779;5.049199;5.509661;5.263158;0.163559
338;19;1.131579;1.024758;1.254691;0.081563;5.049515;5.509382;5.263158;0.163127
339;19;1.131579;1.024935;1.254511;0.081348;5.049871;5.509021;5.263158;0.162696
340;19;1.131579;1.025133;1.254290;0.081133;5.050266;5.508579;5.263158;0.162267
341;19;1.131579;1.025350;1.254028;0.080919;5.050701;5.508057;5.263158;0.161839
342;19;1.131579;1.025587;1.253727;0.080706;5.051175;5.507454;5.263158;0.161412
343;19;1.131579;1.025844;1.253386;0.080493;5.051688;5.506772;5.263158;0.160987
344;19;1.131579;1.026120;1.253006;0.080281;5.052240;5.506012;5.263158;0.160562
345;19;1.131579;1.026415;1.252587;0.080070;5.052830;5.505174;5.263158;0.160140
346;19;1.131579;1.026729;1.252130;0.079859;5.053459;5.504259;5.263158;0.159718
347;19;1.131579;1.027063;1.251634;0.079649;5.054126;5.503268;5.263158;0.159297
348;19;1.131579;1.027415;1.251101;0.079439;5.054830;5.502203;5.263158;0.158878
349;19;1.131579;1.027786;1.250531;0.079230;5.055573;5.501063;5.263158;0.158460
350;19;1.131579;1.028176;1.249925;0.079022;5.056353;5.499850;5.263158;0.158044
351;19;1.131579;1.028585;1.249282;0.078814;5.057170;5.498565;5.263158;0.157628
352;19;1.131579;1.028605;1.248604;0.078607;5.057211;5.497209;5.263158;0.157214
353;19;1.131579;1.028626;1.247891;0.078400;5.057251;5.495782;5.263158;0.156801
354;19;1.131579;1.028667;1.247509;0.078194;5.057335;5.495019;5.263158;0.156389
355;19;1.131579;1.028730;1.247491;0.077989;5.057460;5.494982;5.263158;0.155978
356;19;1.131579;1.028814;1.247435;0.077784;5.057627;5.494869;5.263158;0.155568
357;19;1.131579;1.028918;1.247340;0.077580;5.057837;5.494680;5.263158;0.155160
358;19;1.131579;1.029044;1.247208;0.077377;5.058087;5.494416;5.263158;0.154753
359;19;1.131579;1.029189;1.247039;0.077174;5.058379;5.494077;5.263158;0.154347
360;19;1.131579;1.029356;1.246832;0.076971;5.058711;5.493664;5.263158;0.153942
361;19;1.131579;1.029542;1.246589;0.076769;5.059084;5.493177;5.263158;0.153539
362;19;1.131579;1.029749;1.246309;0.076568;5.059498;5.492617;5.263158;0.153136
363;19;1.131579;1.029976;1.245992;0.076367;5.059951;5.491985;5.263158;0.152735
364;19;1.131579;1.030222;1.245640;0.076167;5.060444;5.491281;5.263158;0.152335
365;19;1.131579;1.030489;1.245253;0.075968;5.060977;5.490506;5.263158;0.151936
366;19;1.131579;1.030775;1.244830;0.075769;5.061549;5.489660;5.263158;0.151538
367;19;1.131579;1.031080;1.244373;0.075571;5.062160;5.488746;5.263158;0.151141
368;19;1.131579;1.031405;1.243881;0.075373;5.062810;5.487762;5.263158;0.150746
369;19;1.131579;1.031749;1.243355;0.075176;5.063499;5.486711;5.263158;0.150351
370;19;1.131579;1.032113;1.242796;0.074979;5.064225;5.485592;5.263158;0.149958
371;19;1.131579;1.032495;1.242204;0.074783;5.064990;5.484408;5.263158;0.149566
372;19;1.131579;1.032896;1.241579;0.074587;5.065793;5.483158;5.263158;0.149174
373;19;1.131579;1.033111;1.240922;0.074392;5.066221;5.481843;5.263158;0.148784
374;19;1.131579;1.033121;1.240641;0.074198;5.066242;5.481282;5.263158;0.148395
375;19;1.131579;1.033153;1.240621;0.074004;5.066305;5.481242;5.263158;0.148008
376;19;1.131579;1.033206;1.240565;0.073810;5.066411;5.481131;5.263158;0.147621
377;19;1.131579;1.033280;1.240475;0.073618;5.066560;5.480950;5.263158;0.147235
378;19;1.131579;1.033375;1.240350;0.073425;5.066750;5.480701;5.263158;0.146851
379;19;1.131579;1.033491;1.240191;0.073234;5.066982;5.480383;5.263158;0.146467
380;19;1.131579;1.033627;1.239998;0.073042;5.067255;5.479997;5.263158;0.146085
381;19;1.131579;1.033785;1.239771;0.072852;5.067569;5.479543;5.263158;0.145704
382;19;1.131579;1.033962;1.239511;0.072662;5.067925;5.479022;5.263158;0.145323
383;19;1.131579;1.034160;1.239217;0.072472;5.068321;5.478435;5.263158;0.144944
384;19;1.131579;1.034378;1.238891;0.072283;5.068757;5.477782;5.263158;0.144566
385;19;1.131579;1.034616;1.238532;0.072094;5.069233;5.477063;5.263158;0.144189
386;19;1.131579;1.034874;1.238140;0.071906;5.069749;5.476280;5.263158;0.143813
387;19;1.131579;1.035152;1.237717;0.071719;5.070304;5.475434;5.263158;0.143438
388;19;1.131579;1.035449;1.237262;0.071532;5.070899;5.474524;5.263158;0.143064
389;19;1.131579;1.035766;1.236776;0.071346;5.071532;5.473551;5.263158;0.142691
390;19;1.131579;1.036102;1.236258;0.071160;5.072204;5.472517;5.263158;0.142319
391;19;1.131579;1.036457;1.235711;0.070974;5.072914;5.471422;5.263158;0.141948
392;19;1.131579;1.036831;1.235133;0.070789;5.073663;5.470266;5.263158;0.141579
393;19;1.131579;1.037225;1.234526;0.070605;5.074449;5.469052;5.263158;0.141210
394;19;1.131579;1.037548;1.234316;0.070421;5.075095;5.468633;5.263158;0.140842
395;19;1.131579;1.037552;1.234295;0.070238;5.075104;5.468590;5.263158;0.140475
396;19;1.131579;1.037578;1.234241;0.070055;5.075156;5.468483;5.263158;0.140110
397;19;1.131579;1.037625;1.234156;0.069872;5.075250;5.468312;5.263158;0.139745
398;19;1.131579;1.037693;1.234038;0.069691;5.075385;5.468077;5.263158;0.139381
399;19;1.131579;1.037781;1.233889;0.069509;5.075563;5.467779;5.263158;0.139018
400;19;1.131579;1.037891;1.233709;0.069328;5.075782;5.467418;5.263158;0.138657
401;19;1.131579;1.038021;1.233498;0.069148;5.076042;5.466995;5.263158;0.138296
402;19;1.131579;1.038172;1.233255;0.068968;5.076343;5.466510;5.263158;0.137936
403;19;1.131579;1.038343;1.232982;0.068789;5.076685;5.465964;5.263158;0.137578
404;19;1.131579;1.038534;1.232679;0.068610;5.077067;5.465357;5.263158;0.137220
405;19;1.131579;1.038745;1.232345;0.068431;5.077489;5.464690;5.263158;0.136863
406;19;1.131579;1.038975;1.231982;0.068254;5.077951;5.463964;5.263158;0.136507
407;19;1.131579;1.039226;1.231589;0.068076;5.078452;5.463178;5.263158;0.136152
408;19;1.131579;1.039496;1.231167;0.067899;5.078993;5.462334;5.263158;0.135798
409;19;1.131579;1.039786;1.230716;0.067723;5.079572;5.461433;5.263158;0.135445
410;19;1.131579;1.040095;1.230237;0.067547;5.080190;5.460474;5.263158;0.135094
411;19;1.131579;1.040423;1.229729;0.067371;5.080846;5.459459;5.263158;0.134743
412;19;1.131579;1.040770;1.229194;0.067196;5.081540;5.458388;5.263158;0.134392
413;19;1.131579;1.041136;1.228631;0.067022;5.082272;5.457262;5.263158;0.134043
414;19;1.131579;1.041521;1.228469;0.066848;5.083041;5.456939;5.263158;0.133695
415;19;1.131579;1.041884;1.228448;0.066674;5.083768;5.456896;5.263158;0.133348
416;19;1.131579;1.041886;1.228397;0.066501;5.083772;5.456794;5.263158;0.133002
417;19;1.131579;1.041909;1.228316;0.066328;5.083818;5.456632;5.263158;0.132656
418;19;1.131579;1.041953;1.228206;0.066156;5.083906;5.456412;5.263158;0.132312
419;19;1.131579;1.042017;1.228067;0.065984;5.084035;5.456133;5.263158;0.131969
420;19;1.131579;1.042102;1.227898;0.065813;5.084205;5.455796;5.263158;0.131626
421;19;1.131579;1.042208;1.227701;0.065642;5.084416;5.455402;5.263158;0.131285
422;19;1.131579;1.042334;1.227475;0.065472;5.084667;5.454950;5.263158;0.130944
423;19;1.131579;1.042479;1.227221;0.065302;5.084959;5.454442;5.263158;0.130604
424;19;1.131579;1.042645;1.226939;0.065133;5.085291;5.453877;5.263158;0.130265
425;19;1.131579;1.042831;1.226629;0.064964;5.085662;5.453257;5.263158;0.129927
426;19;1.131579;1.043037;1.226291;0.064795;5.086073;5.452582;5.263158;0.129590
427;19;1.131579;1.043261;1.225926;0.064627;5.086523;5.451852;5.263158;0.129254
428;19;1.131579;1.043506;1.225534;0.064459;5.087012;5.451068;5.263158;0.128919
429;19;1.131579;1.043770;1.225115;0.064292;5.087539;5.450230;5.263158;0.128585
430;19;1.131579;1.044052;1.224670;0.064126;5.088105;5.449339;5.263158;0.128251
431;19;1.131579;1.044354;1.224198;0.063959;5.088708;5.448397;5.263158;0.127919
432;19;1.131579;1.044675;1.223701;0.063794;5.089349;5.447402;5.263158;0.127587
433;19;1.131579;1.045014;1.223178;0.063628;5.090027;5.446357;5.263158;0.127256
434;19;1.131579;1.045371;1.223046;0.063463;5.090743;5.446092;5.263158;0.126927
435;19;1.131579;1.045747;1.223025;0.063299;5.091495;5.446050;5.263158;0.126598
436;19;1.131579;1.046098;1.222977;0.063135;5.092196;5.445953;5.263158;0.126270
437;19;1.131579;1.046100;1.222901;0.062971;5.092200;5.445802;5.263158;0.125942
438;19;1.131579;1.046123;1.222798;0.062808;5.092245;5.445595;5.263158;0.125616
439;19;1.131579;1.046166;1.222667;0.062645;5.092331;5.445335;5.263158;0.125291
440;19;1.131579;1.046229;1.222510;0.062483;5.092458;5.445021;5.263158;0.124966
441;19;1.131579;1.046312;1.222326;0.062321;5.092625;5.444653;5.263158;0.124642
442;19;1.131579;1.046416;1.222116;0.062160;5.092831;5.444232;5.263158;0.124319
443;19;1.131579;1.046539;1.221879;0.061999;5.093078;5.443759;5.263158;0.123997
444;19;1.131579;1.046682;1.221617;0.061838;5.093363;5.443233;5.263158;0.123676
445;19;1.131579;1.046844;1.221328;0.061678;5.093688;5.442656;5.263158;0.123356
446;19;1.131579;1.047026;1.221014;0.061518;5.094052;5.442027;5.263158;0.123036
447;19;1.131579;1.047227;1.220674;0.061359;5.094454;5.441348;5.263158;0.122718
448;19;1.131579;1.047447;1.220309;0.061200;5.094894;5.440618;5.263158;0.122400
449;19;1.131579;1.047686;1.219919;0.061042;5.095372;5.439839;5.263158;0.122083
450;19;1.131579;1.047944;1.219505;0.060884;5.095888;5.439010;5.263158;0.121767
451;19;1.131579;1.048220;1.219066;0.060726;5.096441;5.438133;5.263158;0.121452
452;19;1.131579;1.048515;1.218604;0.060569;5.097031;5.437207;5.263158;0.121138
453;19;1.131579;1.048829;1.218117;0.060412;5.097658;5.436234;5.263158;0.120824
454;19;1.131579;1.049160;1.217999;0.060256;5.098321;5.435998;5.263158;0.120511
455;19;1.131579;1.049510;1.217980;0.060100;5.099020;5.435959;5.263158;0.120200
456;19;1.131579;1.049877;1.217934;0.059944;5.099755;5.435868;5.263158;0.119889
457;19;1.131579;1.050175;1.217863;0.059789;5.100349;5.435727;5.263158;0.119578
458;19;1.131579;1.050179;1.217767;0.059634;5.100358;5.435534;5.263158;0.119269
459;19;1.131579;1.050203;1.217646;0.059480;5.100407;5.435292;5.263158;0.118960
460;19;1.131579;1.050247;1.217499;0.059326;5.100495;5.434999;5.263158;0.118653
461;19;1.131579;1.050311;1.217328;0.059173;5.100622;5.434656;5.263158;0.118346
462;19;1.131579;1.050394;1.217132;0.059020;5.100789;5.434264;5.263158;0.118039
463;19;1.131579;1.050497;1.216911;0.058867;5.100994;5.433823;5.263158;0.117734
464;19;1.131579;1.050619;1.216667;0.058715;5.101238;5.433333;5.263158;0.117430
465;19;1.131579;1.050760;1.216398;0.058563;5.101520;5.432795;5.263158;0.117126
466;19;1.131579;1.050920;1.216105;0.058411;5.101840;5.432210;5.263158;0.116823
467;19;1.131579;1.051099;1.215788;0.058260;5.102198;5.431577;5.263158;0.116521
468;19;1.131579;1.051296;1.215448;0.058110;5.102593;5.430897;5.263158;0.116220
469;19;1.131579;1.051513;1.215085;0.057959;5.103025;5.430170;5.263158;0.115919
470;19;1.131579;1.051747;1.214699;0.057810;5.103494;5.429398;5.263158;0.115619
471;19;1.131579;1.052000;1.214290;0.057660;5.104000;5.428581;5.263158;0.115320
472;19;1.131579;1.052271;1.213859;0.057511;5.104541;5.427718;5.263158;0.115022
473;19;1.131579;1.052559;1.213406;0.057362;5.105119;5.426812;5.263158;0.114725
474;19;1.131579;1.052866;1.213290;0.057214;5.105732;5.426580;5.263158;0.114428
475;19;1.131579;1.053190;1.213272;0.057066;5.106380;5.426544;5.263158;0.114132
476;19;1.131579;1.053532;1.213230;0.056919;5.107064;5.426461;5.263158;0.113837
477;19;1.131579;1.053891;1.213165;0.056772;5.107782;5.426329;5.263158;0.113543
478;19;1.131579;1.054106;1.213075;0.056625;5.108211;5.426150;5.263158;0.113250
479;19;1.131579;1.054114;1.212962;0.056478;5.108227;5.425924;5.263158;0.112957
480;19;1.131579;1.054141;1.212826;0.056332;5.108282;5.425652;5.263158;0.112665
481;19;1.131579;1.054187;1.212666;0.056187;5.108375;5.425332;5.263158;0.112374
482;19;1.131579;1.054253;1.212484;0.056042;5.108506;5.424967;5.263158;0.112083
483;19;1.131579;1.054337;1.212278;0.055897;5.108674;5.424556;5.263158;0.111794
484;19;1.131579;1.054440;1.212050;0.055752;5.108881;5.424100;5.263158;0.111505
485;19;1.131579;1.054562;1.211799;0.055608;5.109124;5.423598;5.263158;0.111217
486;19;1.131579;1.054702;1.211526;0.055465;5.109404;5.423052;5.263158;0.110929
487;19;1.131579;1.054861;1.211231;0.055321;5.109721;5.422462;5.263158;0.110643
488;19;1.131579;1.055037;1.210914;0.055178;5.110075;5.421828;5.263158;0.110357
489;19;1.131579;1.055232;1.210575;0.055036;5.110465;5.421151;5.263158;0.110072
490;19;1.131579;1.055445;1.210215;0.054894;5.110890;5.420431;5.263158;0.109787
491;19;1.131579;1.055675;1.209834;0.054752;5.111351;5.419668;5.263158;0.109504
492;19;1.131579;1.055924;1.209432;0.054610;5.111847;5.418863;5.263158;0.109221
493;19;1.131579;1.056189;1.209008;0.054469;5.112378;5.418017;5.263158;0.108939
494;19;1.131579;1.056472;1.208886;0.054329;5.112944;5.417771;5.263158;0.108657
495;19;1.131579;1.056772;1.208870;0.054188;5.113544;5.417739;5.263158;0.108377
496;19;1.131579;1.057089;1.208831;0.054048;5.114179;5.417663;5.263158;0.108097
497;19;1.131579;1.057423;1.208771;0.053909;5.114847;5.417541;5.263158;0.107818
498;19;1.131579;1.057774;1.208688;0.053770;5.115548;5.417375;5.263158;0.107539
499;19;1.131579;1.057886;1.208583;0.053631;5.115772;5.417166;5.263158;0.107261
