perimeter,num_drones,v_nominal,v_max,sensing_radius,nominal_spacing,balancing_policy,density_threshold,speed_threshold,adaptation_window,failure_rate,num_failures,failure_distribution,initial_active,spare_trigger_ratio,spare_target_factor,neighbor_balance_factor,strike_fraction,seed
125.0,33,1.0,1.5,10.0,5.0,0,0.9,1.8,10.0,1.0,0,0,25,0.9,1.3,1.0,0.1,5001
125.0,33,1.0,1.5,10.0,5.0,1,0.9,1.8,10.0,1.0,0,0,25,0.9,1.3,1.0,0.1,5002
125.0,33,1.0,1.5,10.0,5.0,2,0.9,1.8,10.0,1.0,0,0,25,0.9,1.3,1.0,0.1,5003
125.0,33,1.0,1.5,10.0,5.0,3,0.9,1.8,10.0,1.0,0,0,25,0.9,1.3,1.0,0.1,5004
125.0,33,1.0,1.5,10.0,5.0,4,0.9,1.8,10.0,1.0,0,0,25,0.9,1.3,1.0,0.1,5005
125.0,33,1.0,1.5,10.0,5.0,5,0.9,1.8,10.0,1.0,0,0,25,0.9,1.3,1.0,0.1,5006
125.0,33,1.0,1.5,10.0,5.0,0,0.9,1.8,10.0,1.0,0,0,25,0.9,1.3,1.0,0.2,5007
125.0,33,1.0,1.5,10.0,5.0,1,0.9,1.8,10.0,1.0,0,0,25,0.9,1.3,1.0,0.2,5008
125.0,33,1.0,1.5,10.0,5.0,2,0.9,1.8,10.0,1.0,0,0,25,0.9,1.3,1.0,0.2,5009
125.0,33,1.0,1.5,10.0,5.0,3,0.9,1.8,10.0,1.0,0,0,25,0.9,1.3,1.0,0.2,5010
125.0,33,1.0,1.5,10.0,5.0,4,0.9,1.8,10.0,1.0,0,0,25,0.9,1.3,1.0,0.2,5011
125.0,33,1.0,1.5,10.0,5.0,5,0.9,1.8,10.0,1.0,0,0,25,0.9,1.3,1.0,0.2,5012
125.0,33,1.0,1.5,10.0,5.0,0,0.9,1.8,10.0,1.0,0,0,25,0.9,1.3,1.0,0.3,5013
125.0,33,1.0,1.5,10.0,5.0,1,0.9,1.8,10.0,1.0,0,0,25,0.9,1.3,1.0,0.3,5014
125.0,33,1.0,1.5,10.0,5.0,2,0.9,1.8,10.0,1.0,0,0,25,0.9,1.3,1.0,0.3,5015
125.0,33,1.0,1.5,10.0,5.0,3,0.9,1.8,10.0,1.0,0,0,25,0.9,1.3,1.0,0.3,5016
125.0,33,1.0,1.5,10.0,5.0,4,0.9,1.8,10.0,1.0,0,0,25,0.9,1.3,1.0,0.3,5017
125.0,33,1.0,1.5,10.0,5.0,5,0.9,1.8,10.0,1.0,0,0,25,0.9,1.3,1.0,0.3,5018
125.0,33,1.0,1.5,10.0,5.0,0,0.9,1.8,10.0,1.0,0,0,25,0.9,1.3,1.0,0.4,5019
125.0,33,1.0,1.5,10.0,5.0,1,0.9,1.8,10.0,1.0,0,0,25,0.9,1.3,1.0,0.4,5020
125.0,33,1.0,1.5,10.0,5.0,2,0.9,1.8,10.0,1.0,0,0,25,0.9,1.3,1.0,0.4,5021
125.0,33,1.0,1.5,10.0,5.0,3,0.9,1.8,10.0,1.0,0,0,25,0.9,1.3,1.0,0.4,5022
125.0,33,1.0,1.5,10.0,5.0,4,0.9,1.8,10.0,1.0,0,0,25,0.9,1.3,1.0,0.4,5023
125.0,33,1.0,1.5,10.0,5.0,5,0.9,1.8,10.0,1.0,0,0,25,0.9,1.3,1.0,0.4,5024
125.0,33,1.0,1.5,10.0,5.0,0,0.9,1.8,10.0,1.0,0,0,25,0.9,1.3,1.0,0.5,5025
125.0,33,1.0,1.5,10.0,5.0,1,0.9,1.8,10.0,1.0,0,0,25,0.9,1.3,1.0,0.5,5026
125.0,33,1.0,1.5,10.0,5.0,2,0.9,1.8,10.0,1.0,0,0,25,0.9,1.3,1.0,0.5,5027
125.0,33,1.0,1.5,10.0,5.0,3,0.9,1.8,10.0,1.0,0,0,25,0.9,1.3,1.0,0.5,5028
125.0,33,1.0,1.5,10.0,5.0,4,0.9,1.8,10.0,1.0,0,0,25,0.9,1.3,1.0,0.5,5029
125.0,33,1.0,1.5,10.0,5.0,5,0.9,1.8,10.0,1.0,0,0,25,0.9,1.3,1.0,0.5,5030
125.0,33,1.0,1.5,10.0,5.0,0,0.9,1.8,10.0,1.0,0,1,25,0.9,1.3,1.0,0.1,5031
125.0,33,1.0,1.5,10.0,5.0,1,0.9,1.8,10.0,1.0,0,1,25,0.9,1.3,1.0,0.1,5032
125.0,33,1.0,1.5,10.0,5.0,2,0.9,1.8,10.0,1.0,0,1,25,0.9,1.3,1.0,0.1,5033
125.0,33,1.0,1.5,10.0,5.0,3,0.9,1.8,10.0,1.0,0,1,25,0.9,1.3,1.0,0.1,5034
125.0,33,1.0,1.5,10.0,5.0,4,0.9,1.8,10.0,1.0,0,1,25,0.9,1.3,1.0,0.1,5035
125.0,33,1.0,1.5,10.0,5.0,5,0.9,1.8,10.0,1.0,0,1,25,0.9,1.3,1.0,0.1,5036
125.0,33,1.0,1.5,10.0,5.0,0,0.9,1.8,10.0,1.0,0,1,25,0.9,1.3,1.0,0.2,5037
125.0,33,1.0,1.5,10.0,5.0,1,0.9,1.8,10.0,1.0,0,1,25,0.9,1.3,1.0,0.2,5038
125.0,33,1.0,1.5,10.0,5.0,2,0.9,1.8,10.0,1.0,0,1,25,0.9,1.3,1.0,0.2,5039
125.0,33,1.0,1.5,10.0,5.0,3,0.9,1.8,10.0,1.0,0,1,25,0.9,1.3,1.0,0.2,5040
125.0,33,1.0,1.5,10.0,5.0,4,0.9,1.8,10.0,1.0,0,1,25,0.9,1.3,1.0,0.2,5041
125.0,33,1.0,1.5,10.0,5.0,5,0.9,1.8,10.0,1.0,0,1,25,0.9,1.3,1.0,0.2,5042
125.0,33,1.0,1.5,10.0,5.0,0,0.9,1.8,10.0,1.0,0,1,25,0.9,1.3,1.0,0.3,5043
125.0,33,1.0,1.5,10.0,5.0,1,0.9,1.8,10.0,1.0,0,1,25,0.9,1.3,1.0,0.3,5044
125.0,33,1.0,1.5,10.0,5.0,2,0.9,1.8,10.0,1.0,0,1,25,0.9,1.3,1.0,0.3,5045
125.0,33,1.0,1.5,10.0,5.0,3,0.9,1.8,10.0,1.0,0,1,25,0.9,1.3,1.0,0.3,5046
125.0,33,1.0,1.5,10.0,5.0,4,0.9,1.8,10.0,1.0,0,1,25,0.9,1.3,1.0,0.3,5047
125.0,33,1.0,1.5,10.0,5.0,5,0.9,1.8,10.0,1.0,0,1,25,0.9,1.3,1.0,0.3,5048
125.0,33,1.0,1.5,10.0,5.0,0,0.9,1.8,10.0,1.0,0,1,25,0.9,1.3,1.0,0.4,5049
125.0,33,1.0,1.5,10.0,5.0,1,0.9,1.8,10.0,1.0,0,1,25,0.9,1.3,1.0,0.4,5050
125.0,33,1.0,1.5,10.0,5.0,2,0.9,1.8,10.0,1.0,0,1,25,0.9,1.3,1.0,0.4,5051
125.0,33,1.0,1.5,10.0,5.0,3,0.9,1.8,10.0,1.0,0,1,25,0.9,1.3,1.0,0.4,5052
125.0,33,1.0,1.5,10.0,5.0,4,0.9,1.8,10.0,1.0,0,1,25,0.9,1.3,1.0,0.4,5053
125.0,33,1.0,1.5,10.0,5.0,5,0.9,1.8,10.0,1.0,0,1,25,0.9,1.3,1.0,0.4,5054
125.0,33,1.0,1.5,10.0,5.0,0,0.9,1.8,10.0,1.0,0,1,25,0.9,1.3,1.0,0.5,5055
125.0,33,1.0,1.5,10.0,5.0,1,0.9,1.8,10.0,1.0,0,1,25,0.9,1.3,1.0,0.5,5056
125.0,33,1.0,1.5,10.0,5.0,2,0.9,1.8,10.0,1.0,0,1,25,0.9,1.3,1.0,0.5,5057
125.0,33,1.0,1.5,10.0,5.0,3,0.9,1.8,10.0,1.0,0,1,25,0.9,1.3,1.0,0.5,5058
125.0,33,1.0,1.5,10.0,5.0,4,0.9,1.8,10.0,1.0,0,1,25,0.9,1.3,1.0,0.5,5059
125.0,33,1.0,1.5,10.0,5.0,5,0.9,1.8,10.0,1.0,0,1,25,0.9,1.3,1.0,0.5,5060
125.0,33,1.0,1.5,10.0,5.0,0,0.9,1.8,10.0,1.0,0,2,25,0.9,1.3,1.0,0.1,5061
125.0,33,1.0,1.5,10.0,5.0,1,0.9,1.8,10.0,1.0,0,2,25,0.9,1.3,1.0,0.1,5062
125.0,33,1.0,1.5,10.0,5.0,2,0.9,1.8,10.0,1.0,0,2,25,0.9,1.3,1.0,0.1,5063
125.0,33,1.0,1.5,10.0,5.0,3,0.9,1.8,10.0,1.0,0,2,25,0.9,1.3,1.0,0.1,5064
125.0,33,1.0,1.5,10.0,5.0,4,0.9,1.8,10.0,1.0,0,2,25,0.9,1.3,1.0,0.1,5065
125.0,33,1.0,1.5,10.0,5.0,5,0.9,1.8,10.0,1.0,0,2,25,0.9,1.3,1.0,0.1,5066
125.0,33,1.0,1.5,10.0,5.0,0,0.9,1.8,10.0,1.0,0,2,25,0.9,1.3,1.0,0.2,5067
125.0,33,1.0,1.5,10.0,5.0,1,0.9,1.8,10.0,1.0,0,2,25,0.9,1.3,1.0,0.2,5068
125.0,33,1.0,1.5,10.0,5.0,2,0.9,1.8,10.0,1.0,0,2,25,0.9,1.3,1.0,0.2,5069
125.0,33,1.0,1.5,10.0,5.0,3,0.9,1.8,10.0,1.0,0,2,25,0.9,1.3,1.0,0.2,5070
125.0,33,1.0,1.5,10.0,5.0,4,0.9,1.8,10.0,1.0,0,2,25,0.9,1.3,1.0,0.2,5071
125.0,33,1.0,1.5,10.0,5.0,5,0.9,1.8,10.0,1.0,0,2,25,0.9,1.3,1.0,0.2,5072
125.0,33,1.0,1.5,10.0,5.0,0,0.9,1.8,10.0,1.0,0,2,25,0.9,1.3,1.0,0.3,5073
125.0,33,1.0,1.5,10.0,5.0,1,0.9,1.8,10.0,1.0,0,2,25,0.9,1.3,1.0,0.3,5074
125.0,33,1.0,1.5,10.0,5.0,2,0.9,1.8,10.0,1.0,0,2,25,0.9,1.3,1.0,0.3,5075
125.0,33,1.0,1.5,10.0,5.0,3,0.9,1.8,10.0,1.0,0,2,25,0.9,1.3,1.0,0.3,5076
125.0,33,1.0,1.5,10.0,5.0,4,0.9,1.8,10.0,1.0,0,2,25,0.9,1.3,1.0,0.3,5077
125.0,33,1.0,1.5,10.0,5.0,5,0.9,1.8,10.0,1.0,0,2,25,0.9,1.3,1.0,0.3,5078
125.0,33,1.0,1.5,10.0,5.0,0,0.9,1.8,10.0,1.0,0,2,25,0.9,1.3,1.0,0.4,5079
125.0,33,1.0,1.5,10.0,5.0,1,0.9,1.8,10.0,1.0,0,2,25,0.9,1.3,1.0,0.4,5080
125.0,33,1.0,1.5,10.0,5.0,2,0.9,1.8,10.0,1.0,0,2,25,0.9,1.3,1.0,0.4,5081
125.0,33,1.0,1.5,10.0,5.0,3,0.9,1.8,10.0,1.0,0,2,25,0.9,1.3,1.0,0.4,5082
125.0,33,1.0,1.5,10.0,5.0,4,0.9,1.8,10.0,1.0,0,2,25,0.9,1.3,1.0,0.4,5083
125.0,33,1.0,1.5,10.0,5.0,5,0.9,1.8,10.0,1.0,0,2,25,0.9,1.3,1.0,0.4,5084
125.0,33,1.0,1.5,10.0,5.0,0,0.9,1.8,10.0,1.0,0,2,25,0.9,1.3,1.0,0.5,5085
125.0,33,1.0,1.5,10.0,5.0,1,0.9,1.8,10.0,1.0,0,2,25,0.9,1.3,1.0,0.5,5086
125.0,33,1.0,1.5,10.0,5.0,2,0.9,1.8,10.0,1.0,0,2,25,0.9,1.3,1.0,0.5,5087
125.0,33,1.0,1.5,10.0,5.0,3,0.9,1.8,10.0,1.0,0,2,25,0.9,1.3,1.0,0.5,5088
125.0,33,1.0,1.5,10.0,5.0,4,0.9,1.8,10.0,1.0,0,2,25,0.9,1.3,1.0,0.5,5089
125.0,33,1.0,1.5,10.0,5.0,5,0.9,1.8,10.0,1.0,0,2,25,0.9,1.3,1.0,0.5,5090
125.0,33,1.0,2.0,10.0,5.0,0,0.9,1.8,10.0,1.0,0,0,25,0.9,1.3,1.0,0.1,5091
125.0,33,1.0,2.0,10.0,5.0,1,0.9,1.8,10.0,1.0,0,0,25,0.9,1.3,1.0,0.1,5092
125.0,33,1.0,2.0,10.0,5.0,2,0.9,1.8,10.0,1.0,0,0,25,0.9,1.3,1.0,0.1,5093
125.0,33,1.0,2.0,10.0,5.0,3,0.9,1.8,10.0,1.0,0,0,25,0.9,1.3,1.0,0.1,5094
125.0,33,1.0,2.0,10.0,5.0,4,0.9,1.8,10.0,1.0,0,0,25,0.9,1.3,1.0,0.1,5095
125.0,33,1.0,2.0,10.0,5.0,5,0.9,1.8,10.0,1.0,0,0,25,0.9,1.3,1.0,0.1,5096
125.0,33,1.0,2.0,10.0,5.0,0,0.9,1.8,10.0,1.0,0,0,25,0.9,1.3,1.0,0.2,5097
125.0,33,1.0,2.0,10.0,5.0,1,0.9,1.8,10.0,1.0,0,0,25,0.9,1.3,1.0,0.2,5098
125.0,33,1.0,2.0,10.0,5.0,2,0.9,1.8,10.0,1.0,0,0,25,0.9,1.3,1.0,0.2,5099
125.0,33,1.0,2.0,10.0,5.0,3,0.9,1.8,10.0,1.0,0,0,25,0.9,1.3,1.0,0.2,5100
125.0,33,1.0,2.0,10.0,5.0,4,0.9,1.8,10.0,1.0,0,0,25,0.9,1.3,1.0,0.2,5101
125.0,33,1.0,2.0,10.0,5.0,5,0.9,1.8,10.0,1.0,0,0,25,0.9,1.3,1.0,0.2,5102
125.0,33,1.0,2.0,10.0,5.0,0,0.9,1.8,10.0,1.0,0,0,25,0.9,1.3,1.0,0.3,5103
125.0,33,1.0,2.0,10.0,5.0,1,0.9,1.8,10.0,1.0,0,0,25,0.9,1.3,1.0,0.3,5104
125.0,33,1.0,2.0,10.0,5.0,2,0.9,1.8,10.0,1.0,0,0,25,0.9,1.3,1.0,0.3,5105
125.0,33,1.0,2.0,10.0,5.0,3,0.9,1.8,10.0,1.0,0,0,25,0.9,1.3,1.0,0.3,5106
125.0,33,1.0,2.0,10.0,5.0,4,0.9,1.8,10.0,1.0,0,0,25,0.9,1.3,1.0,0.3,5107
125.0,33,1.0,2.0,10.0,5.0,5,0.9,1.8,10.0,1.0,0,0,25,0.9,1.3,1.0,0.3,5108
125.0,33,1.0,2.0,10.0,5.0,0,0.9,1.8,10.0,1.0,0,0,25,0.9,1.3,1.0,0.4,5109
125.0,33,1.0,2.0,10.0,5.0,1,0.9,1.8,10.0,1.0,0,0,25,0.9,1.3,1.0,0.4,5110
125.0,33,1.0,2.0,10.0,5.0,2,0.9,1.8,10.0,1.0,0,0,25,0.9,1.3,1.0,0.4,5111
125.0,33,1.0,2.0,10.0,5.0,3,0.9,1.8,10.0,1.0,0,0,25,0.9,1.3,1.0,0.4,5112
125.0,33,1.0,2.0,10.0,5.0,4,0.9,1.8,10.0,1.0,0,0,25,0.9,1.3,1.0,0.4,5113
125.0,33,1.0,2.0,10.0,5.0,5,0.9,1.8,10.0,1.0,0,0,25,0.9,1.3,1.0,0.4,5114
125.0,33,1.0,2.0,10.0,5.0,0,0.9,1.8,10.0,1.0,0,0,25,0.9,1.3,1.0,0.5,5115
125.0,33,1.0,2.0,10.0,5.0,1,0.9,1.8,10.0,1.0,0,0,25,0.9,1.3,1.0,0.5,5116
125.0,33,1.0,2.0,10.0,5.0,2,0.9,1.8,10.0,1.0,0,0,25,0.9,1.3,1.0,0.5,5117
125.0,33,1.0,2.0,10.0,5.0,3,0.9,1.8,10.0,1.0,0,0,25,0.9,1.3,1.0,0.5,5118
125.0,33,1.0,2.0,10.0,5.0,4,0.9,1.8,10.0,1.0,0,0,25,0.9,1.3,1.0,0.5,5119
125.0,33,1.0,2.0,10.0,5.0,5,0.9,1.8,10.0,1.0,0,0,25,0.9,1.3,1.0,0.5,5120
125.0,33,1.0,2.0,10.0,5.0,0,0.9,1.8,10.0,1.0,0,1,25,0.9,1.3,1.0,0.1,5121
125.0,33,1.0,2.0,10.0,5.0,1,0.9,1.8,10.0,1.0,0,1,25,0.9,1.3,1.0,0.1,5122
125.0,33,1.0,2.0,10.0,5.0,2,0.9,1.8,10.0,1.0,0,1,25,0.9,1.3,1.0,0.1,5123
125.0,33,1.0,2.0,10.0,5.0,3,0.9,1.8,10.0,1.0,0,1,25,0.9,1.3,1.0,0.1,5124
125.0,33,1.0,2.0,10.0,5.0,4,0.9,1.8,10.0,1.0,0,1,25,0.9,1.3,1.0,0.1,5125
125.0,33,1.0,2.0,10.0,5.0,5,0.9,1.8,10.0,1.0,0,1,25,0.9,1.3,1.0,0.1,5126
125.0,33,1.0,2.0,10.0,5.0,0,0.9,1.8,10.0,1.0,0,1,25,0.9,1.3,1.0,0.2,5127
125.0,33,1.0,2.0,10.0,5.0,1,0.9,1.8,10.0,1.0,0,1,25,0.9,1.3,1.0,0.2,5128
125.0,33,1.0,2.0,10.0,5.0,2,0.9,1.8,10.0,1.0,0,1,25,0.9,1.3,1.0,0.2,5129
125.0,33,1.0,2.0,10.0,5.0,3,0.9,1.8,10.0,1.0,0,1,25,0.9,1.3,1.0,0.2,5130
125.0,33,1.0,2.0,10.0,5.0,4,0.9,1.8,10.0,1.0,0,1,25,0.9,1.3,1.0,0.2,5131
125.0,33,1.0,2.0,10.0,5.0,5,0.9,1.8,10.0,1.0,0,1,25,0.9,1.3,1.0,0.2,5132
125.0,33,1.0,2.0,10.0,5.0,0,0.9,1.8,10.0,1.0,0,1,25,0.9,1.3,1.0,0.3,5133
125.0,33,1.0,2.0,10.0,5.0,1,0.9,1.8,10.0,1.0,0,1,25,0.9,1.3,1.0,0.3,5134
125.0,33,1.0,2.0,10.0,5.0,2,0.9,1.8,10.0,1.0,0,1,25,0.9,1.3,1.0,0.3,5135
125.0,33,1.0,2.0,10.0,5.0,3,0.9,1.8,10.0,1.0,0,1,25,0.9,1.3,1.0,0.3,5136
125.0,33,1.0,2.0,10.0,5.0,4,0.9,1.8,10.0,1.0,0,1,25,0.9,1.3,1.0,0.3,5137
125.0,33,1.0,2.0,10.0,5.0,5,0.9,1.8,10.0,1.0,0,1,25,0.9,1.3,1.0,0.3,5138
125.0,33,1.0,2.0,10.0,5.0,0,0.9,1.8,10.0,1.0,0,1,25,0.9,1.3,1.0,0.4,5139
125.0,33,1.0,2.0,10.0,5.0,1,0.9,1.8,10.0,1.0,0,1,25,0.9,1.3,1.0,0.4,5140
125.0,33,1.0,2.0,10.0,5.0,2,0.9,1.8,10.0,1.0,0,1,25,0.9,1.3,1.0,0.4,5141
125.0,33,1.0,2.0,10.0,5.0,3,0.9,1.8,10.0,1.0,0,1,25,0.9,1.3,1.0,0.4,5142
125.0,33,1.0,2.0,10.0,5.0,4,0.9,1.8,10.0,1.0,0,1,25,0.9,1.3,1.0,0.4,5143
125.0,33,1.0,2.0,10.0,5.0,5,0.9,1.8,10.0,1.0,0,1,25,0.9,1.3,1.0,0.4,5144
125.0,33,1.0,2.0,10.0,5.0,0,0.9,1.8,10.0,1.0,0,1,25,0.9,1.3,1.0,0.5,5145
125.0,33,1.0,2.0,10.0,5.0,1,0.9,1.8,10.0,1.0,0,1,25,0.9,1.3,1.0,0.5,5146
125.0,33,1.0,2.0,10.0,5.0,2,0.9,1.8,10.0,1.0,0,1,25,0.9,1.3,1.0,0.5,5147
125.0,33,1.0,2.0,10.0,5.0,3,0.9,1.8,10.0,1.0,0,1,25,0.9,1.3,1.0,0.5,5148
125.0,33,1.0,2.0,10.0,5.0,4,0.9,1.8,10.0,1.0,0,1,25,0.9,1.3,1.0,0.5,5149
125.0,33,1.0,2.0,10.0,5.0,5,0.9,1.8,10.0,1.0,0,1,25,0.9,1.3,1.0,0.5,5150
125.0,33,1.0,2.0,10.0,5.0,0,0.9,1.8,10.0,1.0,0,2,25,0.9,1.3,1.0,0.1,5151
125.0,33,1.0,2.0,10.0,5.0,1,0.9,1.8,10.0,1.0,0,2,25,0.9,1.3,1.0,0.1,5152
125.0,33,1.0,2.0,10.0,5.0,2,0.9,1.8,10.0,1.0,0,2,25,0.9,1.3,1.0,0.1,5153
125.0,33,1.0,2.0,10.0,5.0,3,0.9,1.8,10.0,1.0,0,2,25,0.9,1.3,1.0,0.1,5154
125.0,33,1.0,2.0,10.0,5.0,4,0.9,1.8,10.0,1.0,0,2,25,0.9,1.3,1.0,0.1,5155
125.0,33,1.0,2.0,10.0,5.0,5,0.9,1.8,10.0,1.0,0,2,25,0.9,1.3,1.0,0.1,5156
125.0,33,1.0,2.0,10.0,5.0,0,0.9,1.8,10.0,1.0,0,2,25,0.9,1.3,1.0,0.2,5157
125.0,33,1.0,2.0,10.0,5.0,1,0.9,1.8,10.0,1.0,0,2,25,0.9,1.3,1.0,0.2,5158
125.0,33,1.0,2.0,10.0,5.0,2,0.9,1.8,10.0,1.0,0,2,25,0.9,1.3,1.0,0.2,5159
125.0,33,1.0,2.0,10.0,5.0,3,0.9,1.8,10.0,1.0,0,2,25,0.9,1.3,1.0,0.2,5160
125.0,33,1.0,2.0,10.0,5.0,4,0.9,1.8,10.0,1.0,0,2,25,0.9,1.3,1.0,0.2,5161
125.0,33,1.0,2.0,10.0,5.0,5,0.9,1.8,10.0,1.0,0,2,25,0.9,1.3,1.0,0.2,5162
125.0,33,1.0,2.0,10.0,5.0,0,0.9,1.8,10.0,1.0,0,2,25,0.9,1.3,1.0,0.3,5163
125.0,33,1.0,2.0,10.0,5.0,1,0.9,1.8,10.0,1.0,0,2,25,0.9,1.3,1.0,0.3,5164
125.0,33,1.0,2.0,10.0,5.0,2,0.9,1.8,10.0,1.0,0,2,25,0.9,1.3,1.0,0.3,5165
125.0,33,1.0,2.0,10.0,5.0,3,0.9,1.8,10.0,1.0,0,2,25,0.9,1.3,1.0,0.3,5166
125.0,33,1.0,2.0,10.0,5.0,4,0.9,1.8,10.0,1.0,0,2,25,0.9,1.3,1.0,0.3,5167
125.0,33,1.0,2.0,10.0,5.0,5,0.9,1.8,10.0,1.0,0,2,25,0.9,1.3,1.0,0.3,5168
125.0,33,1.0,2.0,10.0,5.0,0,0.9,1.8,10.0,1.0,0,2,25,0.9,1.3,1.0,0.4,5169
125.0,33,1.0,2.0,10.0,5.0,1,0.9,1.8,10.0,1.0,0,2,25,0.9,1.3,1.0,0.4,5170
125.0,33,1.0,2.0,10.0,5.0,2,0.9,1.8,10.0,1.0,0,2,25,0.9,1.3,1.0,0.4,5171
125.0,33,1.0,2.0,10.0,5.0,3,0.9,1.8,10.0,1.0,0,2,25,0.9,1.3,1.0,0.4,5172
125.0,33,1.0,2.0,10.0,5.0,4,0.9,1.8,10.0,1.0,0,2,25,0.9,1.3,1.0,0.4,5173
125.0,33,1.0,2.0,10.0,5.0,5,0.9,1.8,10.0,1.0,0,2,25,0.9,1.3,1.0,0.4,5174
125.0,33,1.0,2.0,10.0,5.0,0,0.9,1.8,10.0,1.0,0,2,25,0.9,1.3,1.0,0.5,5175
125.0,33,1.0,2.0,10.0,5.0,1,0.9,1.8,10.0,1.0,0,2,25,0.9,1.3,1.0,0.5,5176
125.0,33,1.0,2.0,10.0,5.0,2,0.9,1.8,10.0,1.0,0,2,25,0.9,1.3,1.0,0.5,5177
125.0,33,1.0,2.0,10.0,5.0,3,0.9,1.8,10.0,1.0,0,2,25,0.9,1.3,1.0,0.5,5178
125.0,33,1.0,2.0,10.0,5.0,4,0.9,1.8,10.0,1.0,0,2,25,0.9,1.3,1.0,0.5,5179
125.0,33,1.0,2.0,10.0,5.0,5,0.9,1.8,10.0,1.0,0,2,25,0.9,1.3,1.0,0.5,5180
500.0,130,1.0,1.5,10.0,5.0,0,0.9,1.8,10.0,1.0,0,0,100,0.9,1.3,1.0,0.1,5181
500.0,130,1.0,1.5,10.0,5.0,1,0.9,1.8,10.0,1.0,0,0,100,0.9,1.3,1.0,0.1,5182
500.0,130,1.0,1.5,10.0,5.0,2,0.9,1.8,10.0,1.0,0,0,100,0.9,1.3,1.0,0.1,5183
500.0,130,1.0,1.5,10.0,5.0,3,0.9,1.8,10.0,1.0,0,0,100,0.9,1.3,1.0,0.1,5184
500.0,130,1.0,1.5,10.0,5.0,4,0.9,1.8,10.0,1.0,0,0,100,0.9,1.3,1.0,0.1,5185
500.0,130,1.0,1.5,10.0,5.0,5,0.9,1.8,10.0,1.0,0,0,100,0.9,1.3,1.0,0.1,5186
500.0,130,1.0,1.5,10.0,5.0,0,0.9,1.8,10.0,1.0,0,0,100,0.9,1.3,1.0,0.2,5187
500.0,130,1.0,1.5,10.0,5.0,1,0.9,1.8,10.0,1.0,0,0,100,0.9,1.3,1.0,0.2,5188
500.0,130,1.0,1.5,10.0,5.0,2,0.9,1.8,10.0,1.0,0,0,100,0.9,1.3,1.0,0.2,5189
500.0,130,1.0,1.5,10.0,5.0,3,0.9,1.8,10.0,1.0,0,0,100,0.9,1.3,1.0,0.2,5190
500.0,130,1.0,1.5,10.0,5.0,4,0.9,1.8,10.0,1.0,0,0,100,0.9,1.3,1.0,0.2,5191
500.0,130,1.0,1.5,10.0,5.0,5,0.9,1.8,10.0,1.0,0,0,100,0.9,1.3,1.0,0.2,5192
500.0,130,1.0,1.5,10.0,5.0,0,0.9,1.8,10.0,1.0,0,0,100,0.9,1.3,1.0,0.3,5193
500.0,130,1.0,1.5,10.0,5.0,1,0.9,1.8,10.0,1.0,0,0,100,0.9,1.3,1.0,0.3,5194
500.0,130,1.0,1.5,10.0,5.0,2,0.9,1.8,10.0,1.0,0,0,100,0.9,1.3,1.0,0.3,5195
500.0,130,1.0,1.5,10.0,5.0,3,0.9,1.8,10.0,1.0,0,0,100,0.9,1.3,1.0,0.3,5196
500.0,130,1.0,1.5,10.0,5.0,4,0.9,1.8,10.0,1.0,0,0,100,0.9,1.3,1.0,0.3,5197
500.0,130,1.0,1.5,10.0,5.0,5,0.9,1.8,10.0,1.0,0,0,100,0.9,1.3,1.0,0.3,5198
500.0,130,1.0,1.5,10.0,5.0,0,0.9,1.8,10.0,1.0,0,0,100,0.9,1.3,1.0,0.4,5199
500.0,130,1.0,1.5,10.0,5.0,1,0.9,1.8,10.0,1.0,0,0,100,0.9,1.3,1.0,0.4,5200
500.0,130,1.0,1.5,10.0,5.0,2,0.9,1.8,10.0,1.0,0,0,100,0.9,1.3,1.0,0.4,5201
500.0,130,1.0,1.5,10.0,5.0,3,0.9,1.8,10.0,1.0,0,0,100,0.9,1.3,1.0,0.4,5202
500.0,130,1.0,1.5,10.0,5.0,4,0.9,1.8,10.0,1.0,0,0,100,0.9,1.3,1.0,0.4,5203
500.0,130,1.0,1.5,10.0,5.0,5,0.9,1.8,10.0,1.0,0,0,100,0.9,1.3,1.0,0.4,5204
500.0,130,1.0,1.5,10.0,5.0,0,0.9,1.8,10.0,1.0,0,0,100,0.9,1.3,1.0,0.5,5205
500.0,130,1.0,1.5,10.0,5.0,1,0.9,1.8,10.0,1.0,0,0,100,0.9,1.3,1.0,0.5,5206
500.0,130,1.0,1.5,10.0,5.0,2,0.9,1.8,10.0,1.0,0,0,100,0.9,1.3,1.0,0.5,5207
500.0,130,1.0,1.5,10.0,5.0,3,0.9,1.8,10.0,1.0,0,0,100,0.9,1.3,1.0,0.5,5208
500.0,130,1.0,1.5,10.0,5.0,4,0.9,1.8,10.0,1.0,0,0,100,0.9,1.3,1.0,0.5,5209
500.0,130,1.0,1.5,10.0,5.0,5,0.9,1.8,10.0,1.0,0,0,100,0.9,1.3,1.0,0.5,5210
500.0,130,1.0,1.5,10.0,5.0,0,0.9,1.8,10.0,1.0,0,1,100,0.9,1.3,1.0,0.1,5211
500.0,130,1.0,1.5,10.0,5.0,1,0.9,1.8,10.0,1.0,0,1,100,0.9,1.3,1.0,0.1,5212
500.0,130,1.0,1.5,10.0,5.0,2,0.9,1.8,10.0,1.0,0,1,100,0.9,1.3,1.0,0.1,5213
500.0,130,1.0,1.5,10.0,5.0,3,0.9,1.8,10.0,1.0,0,1,100,0.9,1.3,1.0,0.1,5214
500.0,130,1.0,1.5,10.0,5.0,4,0.9,1.8,10.0,1.0,0,1,100,0.9,1.3,1.0,0.1,5215
500.0,130,1.0,1.5,10.0,5.0,5,0.9,1.8,10.0,1.0,0,1,100,0.9,1.3,1.0,0.1,5216
500.0,130,1.0,1.5,10.0,5.0,0,0.9,1.8,10.0,1.0,0,1,100,0.9,1.3,1.0,0.2,5217
500.0,130,1.0,1.5,10.0,5.0,1,0.9,1.8,10.0,1.0,0,1,100,0.9,1.3,1.0,0.2,5218
500.0,130,1.0,1.5,10.0,5.0,2,0.9,1.8,10.0,1.0,0,1,100,0.9,1.3,1.0,0.2,5219
500.0,130,1.0,1.5,10.0,5.0,3,0.9,1.8,10.0,1.0,0,1,100,0.9,1.3,1.0,0.2,5220
500.0,130,1.0,1.5,10.0,5.0,4,0.9,1.8,10.0,1.0,0,1,100,0.9,1.3,1.0,0.2,5221
500.0,130,1.0,1.5,10.0,5.0,5,0.9,1.8,10.0,1.0,0,1,100,0.9,1.3,1.0,0.2,5222
500.0,130,1.0,1.5,10.0,5.0,0,0.9,1.8,10.0,1.0,0,1,100,0.9,1.3,1.0,0.3,5223
500.0,130,1.0,1.5,10.0,5.0,1,0.9,1.8,10.0,1.0,0,1,100,0.9,1.3,1.0,0.3,5224
500.0,130,1.0,1.5,10.0,5.0,2,0.9,1.8,10.0,1.0,0,1,100,0.9,1.3,1.0,0.3,5225
500.0,130,1.0,1.5,10.0,5.0,3,0.9,1.8,10.0,1.0,0,1,100,0.9,1.3,1.0,0.3,5226
500.0,130,1.0,1.5,10.0,5.0,4,0.9,1.8,10.0,1.0,0,1,100,0.9,1.3,1.0,0.3,5227
500.0,130,1.0,1.5,10.0,5.0,5,0.9,1.8,10.0,1.0,0,1,100,0.9,1.3,1.0,0.3,5228
500.0,130,1.0,1.5,10.0,5.0,0,0.9,1.8,10.0,1.0,0,1,100,0.9,1.3,1.0,0.4,5229
500.0,130,1.0,1.5,10.0,5.0,1,0.9,1.8,10.0,1.0,0,1,100,0.9,1.3,1.0,0.4,5230
500.0,130,1.0,1.5,10.0,5.0,2,0.9,1.8,10.0,1.0,0,1,100,0.9,1.3,1.0,0.4,5231
500.0,130,1.0,1.5,10.0,5.0,3,0.9,1.8,10.0,1.0,0,1,100,0.9,1.3,1.0,0.4,5232
500.0,130,1.0,1.5,10.0,5.0,4,0.9,1.8,10.0,1.0,0,1,100,0.9,1.3,1.0,0.4,5233
500.0,130,1.0,1.5,10.0,5.0,5,0.9,1.8,10.0,1.0,0,1,100,0.9,1.3,1.0,0.4,5234
500.0,130,1.0,1.5,10.0,5.0,0,0.9,1.8,10.0,1.0,0,1,100,0.9,1.3,1.0,0.5,5235
500.0,130,1.0,1.5,10.0,5.0,1,0.9,1.8,10.0,1.0,0,1,100,0.9,1.3,1.0,0.5,5236
500.0,130,1.0,1.5,10.0,5.0,2,0.9,1.8,10.0,1.0,0,1,100,0.9,1.3,1.0,0.5,5237
500.0,130,1.0,1.5,10.0,5.0,3,0.9,1.8,10.0,1.0,0,1,100,0.9,1.3,1.0,0.5,5238
500.0,130,1.0,1.5,10.0,5.0,4,0.9,1.8,10.0,1.0,0,1,100,0.9,1.3,1.0,0.5,5239
500.0,130,1.0,1.5,10.0,5.0,5,0.9,1.8,10.0,1.0,0,1,100,0.9,1.3,1.0,0.5,5240
500.0,130,1.0,1.5,10.0,5.0,0,0.9,1.8,10.0,1.0,0,2,100,0.9,1.3,1.0,0.1,5241
500.0,130,1.0,1.5,10.0,5.0,1,0.9,1.8,10.0,1.0,0,2,100,0.9,1.3,1.0,0.1,5242
500.0,130,1.0,1.5,10.0,5.0,2,0.9,1.8,10.0,1.0,0,2,100,0.9,1.3,1.0,0.1,5243
500.0,130,1.0,1.5,10.0,5.0,3,0.9,1.8,10.0,1.0,0,2,100,0.9,1.3,1.0,0.1,5244
500.0,130,1.0,1.5,10.0,5.0,4,0.9,1.8,10.0,1.0,0,2,100,0.9,1.3,1.0,0.1,5245
500.0,130,1.0,1.5,10.0,5.0,5,0.9,1.8,10.0,1.0,0,2,100,0.9,1.3,1.0,0.1,5246
500.0,130,1.0,1.5,10.0,5.0,0,0.9,1.8,10.0,1.0,0,2,100,0.9,1.3,1.0,0.2,5247
500.0,130,1.0,1.5,10.0,5.0,1,0.9,1.8,10.0,1.0,0,2,100,0.9,1.3,1.0,0.2,5248
500.0,130,1.0,1.5,10.0,5.0,2,0.9,1.8,10.0,1.0,0,2,100,0.9,1.3,1.0,0.2,5249
500.0,130,1.0,1.5,10.0,5.0,3,0.9,1.8,10.0,1.0,0,2,100,0.9,1.3,1.0,0.2,5250
500.0,130,1.0,1.5,10.0,5.0,4,0.9,1.8,10.0,1.0,0,2,100,0.9,1.3,1.0,0.2,5251
500.0,130,1.0,1.5,10.0,5.0,5,0.9,1.8,10.0,1.0,0,2,100,0.9,1.3,1.0,0.2,5252
500.0,130,1.0,1.5,10.0,5.0,0,0.9,1.8,10.0,1.0,0,2,100,0.9,1.3,1.0,0.3,5253
500.0,130,1.0,1.5,10.0,5.0,1,0.9,1.8,10.0,1.0,0,2,100,0.9,1.3,1.0,0.3,5254
500.0,130,1.0,1.5,10.0,5.0,2,0.9,1.8,10.0,1.0,0,2,100,0.9,1.3,1.0,0.3,5255
500.0,130,1.0,1.5,10.0,5.0,3,0.9,1.8,10.0,1.0,0,2,100,0.9,1.3,1.0,0.3,5256
500.0,130,1.0,1.5,10.0,5.0,4,0.9,1.8,10.0,1.0,0,2,100,0.9,1.3,1.0,0.3,5257
500.0,130,1.0,1.5,10.0,5.0,5,0.9,1.8,10.0,1.0,0,2,100,0.9,1.3,1.0,0.3,5258
500.0,130,1.0,1.5,10.0,5.0,0,0.9,1.8,10.0,1.0,0,2,100,0.9,1.3,1.0,0.4,5259
500.0,130,1.0,1.5,10.0,5.0,1,0.9,1.8,10.0,1.0,0,2,100,0.9,1.3,1.0,0.4,5260
500.0,130,1.0,1.5,10.0,5.0,2,0.9,1.8,10.0,1.0,0,2,100,0.9,1.3,1.0,0.4,5261
500.0,130,1.0,1.5,10.0,5.0,3,0.9,1.8,10.0,1.0,0,2,100,0.9,1.3,1.0,0.4,5262
500.0,130,1.0,1.5,10.0,5.0,4,0.9,1.8,10.0,1.0,0,2,100,0.9,1.3,1.0,0.4,5263
500.0,130,1.0,1.5,10.0,5.0,5,0.9,1.8,10.0,1.0,0,2,100,0.9,1.3,1.0,0.4,5264
500.0,130,1.0,1.5,10.0,5.0,0,0.9,1.8,10.0,1.0,0,2,100,0.9,1.3,1.0,0.5,5265
500.0,130,1.0,1.5,10.0,5.0,1,0.9,1.8,10.0,1.0,0,2,100,0.9,1.3,1.0,0.5,5266
500.0,130,1.0,1.5,10.0,5.0,2,0.9,1.8,10.0,1.0,0,2,100,0.9,1.3,1.0,0.5,5267
500.0,130,1.0,1.5,10.0,5.0,3,0.9,1.8,10.0,1.0,0,2,100,0.9,1.3,1.0,0.5,5268
500.0,130,1.0,1.5,10.0,5.0,4,0.9,1.8,10.0,1.0,0,2,100,0.9,1.3,1.0,0.5,5269
500.0,130,1.0,1.5,10.0,5.0,5,0.9,1.8,10.0,1.0,0,2,100,0.9,1.3,1.0,0.5,5270
500.0,130,1.0,2.0,10.0,5.0,0,0.9,1.8,10.0,1.0,0,0,100,0.9,1.3,1.0,0.1,5271
500.0,130,1.0,2.0,10.0,5.0,1,0.9,1.8,10.0,1.0,0,0,100,0.9,1.3,1.0,0.1,5272
500.0,130,1.0,2.0,10.0,5.0,2,0.9,1.8,10.0,1.0,0,0,100,0.9,1.3,1.0,0.1,5273
500.0,130,1.0,2.0,10.0,5.0,3,0.9,1.8,10.0,1.0,0,0,100,0.9,1.3,1.0,0.1,5274
500.0,130,1.0,2.0,10.0,5.0,4,0.9,1.8,10.0,1.0,0,0,100,0.9,1.3,1.0,0.1,5275
500.0,130,1.0,2.0,10.0,5.0,5,0.9,1.8,10.0,1.0,0,0,100,0.9,1.3,1.0,0.1,5276
500.0,130,1.0,2.0,10.0,5.0,0,0.9,1.8,10.0,1.0,0,0,100,0.9,1.3,1.0,0.2,5277
500.0,130,1.0,2.0,10.0,5.0,1,0.9,1.8,10.0,1.0,0,0,100,0.9,1.3,1.0,0.2,5278
500.0,130,1.0,2.0,10.0,5.0,2,0.9,1.8,10.0,1.0,0,0,100,0.9,1.3,1.0,0.2,5279
500.0,130,1.0,2.0,10.0,5.0,3,0.9,1.8,10.0,1.0,0,0,100,0.9,1.3,1.0,0.2,5280
500.0,130,1.0,2.0,10.0,5.0,4,0.9,1.8,10.0,1.0,0,0,100,0.9,1.3,1.0,0.2,5281
500.0,130,1.0,2.0,10.0,5.0,5,0.9,1.8,10.0,1.0,0,0,100,0.9,1.3,1.0,0.2,5282
500.0,130,1.0,2.0,10.0,5.0,0,0.9,1.8,10.0,1.0,0,0,100,0.9,1.3,1.0,0.3,5283
500.0,130,1.0,2.0,10.0,5.0,1,0.9,1.8,10.0,1.0,0,0,100,0.9,1.3,1.0,0.3,5284
500.0,130,1.0,2.0,10.0,5.0,2,0.9,1.8,10.0,1.0,0,0,100,0.9,1.3,1.0,0.3,5285
500.0,130,1.0,2.0,10.0,5.0,3,0.9,1.8,10.0,1.0,0,0,100,0.9,1.3,1.0,0.3,5286
500.0,130,1.0,2.0,10.0,5.0,4,0.9,1.8,10.0,1.0,0,0,100,0.9,1.3,1.0,0.3,5287
500.0,130,1.0,2.0,10.0,5.0,5,0.9,1.8,10.0,1.0,0,0,100,0.9,1.3,1.0,0.3,5288
500.0,130,1.0,2.0,10.0,5.0,0,0.9,1.8,10.0,1.0,0,0,100,0.9,1.3,1.0,0.4,5289
500.0,130,1.0,2.0,10.0,5.0,1,0.9,1.8,10.0,1.0,0,0,100,0.9,1.3,1.0,0.4,5290
500.0,130,1.0,2.0,10.0,5.0,2,0.9,1.8,10.0,1.0,0,0,100,0.9,1.3,1.0,0.4,5291
500.0,130,1.0,2.0,10.0,5.0,3,0.9,1.8,10.0,1.0,0,0,100,0.9,1.3,1.0,0.4,5292
500.0,130,1.0,2.0,10.0,5.0,4,0.9,1.8,10.0,1.0,0,0,100,0.9,1.3,1.0,0.4,5293
500.0,130,1.0,2.0,10.0,5.0,5,0.9,1.8,10.0,1.0,0,0,100,0.9,1.3,1.0,0.4,5294
500.0,130,1.0,2.0,10.0,5.0,0,0.9,1.8,10.0,1.0,0,0,100,0.9,1.3,1.0,0.5,5295
500.0,130,1.0,2.0,10.0,5.0,1,0.9,1.8,10.0,1.0,0,0,100,0.9,1.3,1.0,0.5,5296
500.0,130,1.0,2.0,10.0,5.0,2,0.9,1.8,10.0,1.0,0,0,100,0.9,1.3,1.0,0.5,5297
500.0,130,1.0,2.0,10.0,5.0,3,0.9,1.8,10.0,1.0,0,0,100,0.9,1.3,1.0,0.5,5298
500.0,130,1.0,2.0,10.0,5.0,4,0.9,1.8,10.0,1.0,0,0,100,0.9,1.3,1.0,0.5,5299
500.0,130,1.0,2.0,10.0,5.0,5,0.9,1.8,10.0,1.0,0,0,100,0.9,1.3,1.0,0.5,5300
500.0,130,1.0,2.0,10.0,5.0,0,0.9,1.8,10.0,1.0,0,1,100,0.9,1.3,1.0,0.1,5301
500.0,130,1.0,2.0,10.0,5.0,1,0.9,1.8,10.0,1.0,0,1,100,0.9,1.3,1.0,0.1,5302
500.0,130,1.0,2.0,10.0,5.0,2,0.9,1.8,10.0,1.0,0,1,100,0.9,1.3,1.0,0.1,5303
500.0,130,1.0,2.0,10.0,5.0,3,0.9,1.8,10.0,1.0,0,1,100,0.9,1.3,1.0,0.1,5304
500.0,130,1.0,2.0,10.0,5.0,4,0.9,1.8,10.0,1.0,0,1,100,0.9,1.3,1.0,0.1,5305
500.0,130,1.0,2.0,10.0,5.0,5,0.9,1.8,10.0,1.0,0,1,100,0.9,1.3,1.0,0.1,5306
500.0,130,1.0,2.0,10.0,5.0,0,0.9,1.8,10.0,1.0,0,1,100,0.9,1.3,1.0,0.2,5307
500.0,130,1.0,2.0,10.0,5.0,1,0.9,1.8,10.0,1.0,0,1,100,0.9,1.3,1.0,0.2,5308
500.0,130,1.0,2.0,10.0,5.0,2,0.9,1.8,10.0,1.0,0,1,100,0.9,1.3,1.0,0.2,5309
500.0,130,1.0,2.0,10.0,5.0,3,0.9,1.8,10.0,1.0,0,1,100,0.9,1.3,1.0,0.2,5310
500.0,130,1.0,2.0,10.0,5.0,4,0.9,1.8,10.0,1.0,0,1,100,0.9,1.3,1.0,0.2,5311
500.0,130,1.0,2.0,10.0,5.0,5,0.9,1.8,10.0,1.0,0,1,100,0.9,1.3,1.0,0.2,5312
500.0,130,1.0,2.0,10.0,5.0,0,0.9,1.8,10.0,1.0,0,1,100,0.9,1.3,1.0,0.3,5313
500.0,130,1.0,2.0,10.0,5.0,1,0.9,1.8,10.0,1.0,0,1,100,0.9,1.3,1.0,0.3,5314
500.0,130,1.0,2.0,10.0,5.0,2,0.9,1.8,10.0,1.0,0,1,100,0.9,1.3,1.0,0.3,5315
500.0,130,1.0,2.0,10.0,5.0,3,0.9,1.8,10.0,1.0,0,1,100,0.9,1.3,1.0,0.3,5316
500.0,130,1.0,2.0,10.0,5.0,4,0.9,1.8,10.0,1.0,0,1,100,0.9,1.3,1.0,0.3,5317
500.0,130,1.0,2.0,10.0,5.0,5,0.9,1.8,10.0,1.0,0,1,100,0.9,1.3,1.0,0.3,5318
500.0,130,1.0,2.0,10.0,5.0,0,0.9,1.8,10.0,1.0,0,1,100,0.9,1.3,1.0,0.4,5319
500.0,130,1.0,2.0,10.0,5.0,1,0.9,1.8,10.0,1.0,0,1,100,0.9,1.3,1.0,0.4,5320
500.0,130,1.0,2.0,10.0,5.0,2,0.9,1.8,10.0,1.0,0,1,100,0.9,1.3,1.0,0.4,5321
500.0,130,1.0,2.0,10.0,5.0,3,0.9,1.8,10.0,1.0,0,1,100,0.9,1.3,1.0,0.4,5322
500.0,130,1.0,2.0,10.0,5.0,4,0.9,1.8,10.0,1.0,0,1,100,0.9,1.3,1.0,0.4,5323
500.0,130,1.0,2.0,10.0,5.0,5,0.9,1.8,10.0,1.0,0,1,100,0.9,1.3,1.0,0.4,5324
500.0,130,1.0,2.0,10.0,5.0,0,0.9,1.8,10.0,1.0,0,1,100,0.9,1.3,1.0,0.5,5325
500.0,130,1.0,2.0,10.0,5.0,1,0.9,1.8,10.0,1.0,0,1,100,0.9,1.3,1.0,0.5,5326
500.0,130,1.0,2.0,10.0,5.0,2,0.9,1.8,10.0,1.0,0,1,100,0.9,1.3,1.0,0.5,5327
500.0,130,1.0,2.0,10.0,5.0,3,0.9,1.8,10.0,1.0,0,1,100,0.9,1.3,1.0,0.5,5328
500.0,130,1.0,2.0,10.0,5.0,4,0.9,1.8,10.0,1.0,0,1,100,0.9,1.3,1.0,0.5,5329
500.0,130,1.0,2.0,10.0,5.0,5,0.9,1.8,10.0,1.0,0,1,100,0.9,1.3,1.0,0.5,5330
500.0,130,1.0,2.0,10.0,5.0,0,0.9,1.8,10.0,1.0,0,2,100,0.9,1.3,1.0,0.1,5331
500.0,130,1.0,2.0,10.0,5.0,1,0.9,1.8,10.0,1.0,0,2,100,0.9,1.3,1.0,0.1,5332
500.0,130,1.0,2.0,10.0,5.0,2,0.9,1.8,10.0,1.0,0,2,100,0.9,1.3,1.0,0.1,5333
500.0,130,1.0,2.0,10.0,5.0,3,0.9,1.8,10.0,1.0,0,2,100,0.9,1.3,1.0,0.1,5334
500.0,130,1.0,2.0,10.0,5.0,4,0.9,1.8,10.0,1.0,0,2,100,0.9,1.3,1.0,0.1,5335
500.0,130,1.0,2.0,10.0,5.0,5,0.9,1.8,10.0,1.0,0,2,100,0.9,1.3,1.0,0.1,5336
500.0,130,1.0,2.0,10.0,5.0,0,0.9,1.8,10.0,1.0,0,2,100,0.9,1.3,1.0,0.2,5337
500.0,130,1.0,2.0,10.0,5.0,1,0.9,1.8,10.0,1.0,0,2,100,0.9,1.3,1.0,0.2,5338
500.0,130,1.0,2.0,10.0,5.0,2,0.9,1.8,10.0,1.0,0,2,100,0.9,1.3,1.0,0.2,5339
500.0,130,1.0,2.0,10.0,5.0,3,0.9,1.8,10.0,1.0,0,2,100,0.9,1.3,1.0,0.2,5340
500.0,130,1.0,2.0,10.0,5.0,4,0.9,1.8,10.0,1.0,0,2,100,0.9,1.3,1.0,0.2,5341
500.0,130,1.0,2.0,10.0,5.0,5,0.9,1.8,10.0,1.0,0,2,100,0.9,1.3,1.0,0.2,5342
500.0,130,1.0,2.0,10.0,5.0,0,0.9,1.8,10.0,1.0,0,2,100,0.9,1.3,1.0,0.3,5343
500.0,130,1.0,2.0,10.0,5.0,1,0.9,1.8,10.0,1.0,0,2,100,0.9,1.3,1.0,0.3,5344
500.0,130,1.0,2.0,10.0,5.0,2,0.9,1.8,10.0,1.0,0,2,100,0.9,1.3,1.0,0.3,5345
500.0,130,1.0,2.0,10.0,5.0,3,0.9,1.8,10.0,1.0,0,2,100,0.9,1.3,1.0,0.3,5346
500.0,130,1.0,2.0,10.0,5.0,4,0.9,1.8,10.0,1.0,0,2,100,0.9,1.3,1.0,0.3,5347
500.0,130,1.0,2.0,10.0,5.0,5,0.9,1.8,10.0,1.0,0,2,100,0.9,1.3,1.0,0.3,5348
500.0,130,1.0,2.0,10.0,5.0,0,0.9,1.8,10.0,1.0,0,2,100,0.9,1.3,1.0,0.4,5349
500.0,130,1.0,2.0,10.0,5.0,1,0.9,1.8,10.0,1.0,0,2,100,0.9,1.3,1.0,0.4,5350
500.0,130,1.0,2.0,10.0,5.0,2,0.9,1.8,10.0,1.0,0,2,100,0.9,1.3,1.0,0.4,5351
500.0,130,1.0,2.0,10.0,5.0,3,0.9,1.8,10.0,1.0,0,2,100,0.9,1.3,1.0,0.4,5352
500.0,130,1.0,2.0,10.0,5.0,4,0.9,1.8,10.0,1.0,0,2,100,0.9,1.3,1.0,0.4,5353
500.0,130,1.0,2.0,10.0,5.0,5,0.9,1.8,10.0,1.0,0,2,100,0.9,1.3,1.0,0.4,5354
500.0,130,1.0,2.0,10.0,5.0,0,0.9,1.8,10.0,1.0,0,2,100,0.9,1.3,1.0,0.5,5355
500.0,130,1.0,2.0,10.0,5.0,1,0.9,1.8,10.0,1.0,0,2,100,0.9,1.3,1.0,0.5,5356
500.0,130,1.0,2.0,10.0,5.0,2,0.9,1.8,10.0,1.0,0,2,100,0.9,1.3,1.0,0.5,5357
500.0,130,1.0,2.0,10.0,5.0,3,0.9,1.8,10.0,1.0,0,2,100,0.9,1.3,1.0,0.5,5358
500.0,130,1.0,2.0,10.0,5.0,4,0.9,1.8,10.0,1.0,0,2,100,0.9,1.3,1.0,0.5,5359
500.0,130,1.0,2.0,10.0,5.0,5,0.9,1.8,10.0,1.0,0,2,100,0.9,1.3,1.0,0.5,5360
5000.0,1300,1.0,1.5,8.0,5.0,0,0.9,1.8,10.0,1.0,0,0,1000,0.9,1.3,1.0,0.1,5361
5000.0,1300,1.0,1.5,8.0,5.0,1,0.9,1.8,10.0,1.0,0,0,1000,0.9,1.3,1.0,0.1,5362
5000.0,1300,1.0,1.5,8.0,5.0,2,0.9,1.8,10.0,1.0,0,0,1000,0.9,1.3,1.0,0.1,5363
5000.0,1300,1.0,1.5,8.0,5.0,3,0.9,1.8,10.0,1.0,0,0,1000,0.9,1.3,1.0,0.1,5364
5000.0,1300,1.0,1.5,8.0,5.0,4,0.9,1.8,10.0,1.0,0,0,1000,0.9,1.3,1.0,0.1,5365
5000.0,1300,1.0,1.5,8.0,5.0,5,0.9,1.8,10.0,1.0,0,0,1000,0.9,1.3,1.0,0.1,5366
5000.0,1300,1.0,1.5,8.0,5.0,0,0.9,1.8,10.0,1.0,0,0,1000,0.9,1.3,1.0,0.2,5367
5000.0,1300,1.0,1.5,8.0,5.0,1,0.9,1.8,10.0,1.0,0,0,1000,0.9,1.3,1.0,0.2,5368
5000.0,1300,1.0,1.5,8.0,5.0,2,0.9,1.8,10.0,1.0,0,0,1000,0.9,1.3,1.0,0.2,5369
5000.0,1300,1.0,1.5,8.0,5.0,3,0.9,1.8,10.0,1.0,0,0,1000,0.9,1.3,1.0,0.2,5370
5000.0,1300,1.0,1.5,8.0,5.0,4,0.9,1.8,10.0,1.0,0,0,1000,0.9,1.3,1.0,0.2,5371
5000.0,1300,1.0,1.5,8.0,5.0,5,0.9,1.8,10.0,1.0,0,0,1000,0.9,1.3,1.0,0.2,5372
5000.0,1300,1.0,1.5,8.0,5.0,0,0.9,1.8,10.0,1.0,0,0,1000,0.9,1.3,1.0,0.3,5373
5000.0,1300,1.0,1.5,8.0,5.0,1,0.9,1.8,10.0,1.0,0,0,1000,0.9,1.3,1.0,0.3,5374
5000.0,1300,1.0,1.5,8.0,5.0,2,0.9,1.8,10.0,1.0,0,0,1000,0.9,1.3,1.0,0.3,5375
5000.0,1300,1.0,1.5,8.0,5.0,3,0.9,1.8,10.0,1.0,0,0,1000,0.9,1.3,1.0,0.3,5376
5000.0,1300,1.0,1.5,8.0,5.0,4,0.9,1.8,10.0,1.0,0,0,1000,0.9,1.3,1.0,0.3,5377
5000.0,1300,1.0,1.5,8.0,5.0,5,0.9,1.8,10.0,1.0,0,0,1000,0.9,1.3,1.0,0.3,5378
5000.0,1300,1.0,1.5,8.0,5.0,0,0.9,1.8,10.0,1.0,0,0,1000,0.9,1.3,1.0,0.4,5379
5000.0,1300,1.0,1.5,8.0,5.0,1,0.9,1.8,10.0,1.0,0,0,1000,0.9,1.3,1.0,0.4,5380
5000.0,1300,1.0,1.5,8.0,5.0,2,0.9,1.8,10.0,1.0,0,0,1000,0.9,1.3,1.0,0.4,5381
5000.0,1300,1.0,1.5,8.0,5.0,3,0.9,1.8,10.0,1.0,0,0,1000,0.9,1.3,1.0,0.4,5382
5000.0,1300,1.0,1.5,8.0,5.0,4,0.9,1.8,10.0,1.0,0,0,1000,0.9,1.3,1.0,0.4,5383
5000.0,1300,1.0,1.5,8.0,5.0,5,0.9,1.8,10.0,1.0,0,0,1000,0.9,1.3,1.0,0.4,5384
5000.0,1300,1.0,1.5,8.0,5.0,0,0.9,1.8,10.0,1.0,0,0,1000,0.9,1.3,1.0,0.5,5385
5000.0,1300,1.0,1.5,8.0,5.0,1,0.9,1.8,10.0,1.0,0,0,1000,0.9,1.3,1.0,0.5,5386
5000.0,1300,1.0,1.5,8.0,5.0,2,0.9,1.8,10.0,1.0,0,0,1000,0.9,1.3,1.0,0.5,5387
5000.0,1300,1.0,1.5,8.0,5.0,3,0.9,1.8,10.0,1.0,0,0,1000,0.9,1.3,1.0,0.5,5388
5000.0,1300,1.0,1.5,8.0,5.0,4,0.9,1.8,10.0,1.0,0,0,1000,0.9,1.3,1.0,0.5,5389
5000.0,1300,1.0,1.5,8.0,5.0,5,0.9,1.8,10.0,1.0,0,0,1000,0.9,1.3,1.0,0.5,5390
5000.0,1300,1.0,1.5,8.0,5.0,0,0.9,1.8,10.0,1.0,0,1,1000,0.9,1.3,1.0,0.1,5391
5000.0,1300,1.0,1.5,8.0,5.0,1,0.9,1.8,10.0,1.0,0,1,1000,0.9,1.3,1.0,0.1,5392
5000.0,1300,1.0,1.5,8.0,5.0,2,0.9,1.8,10.0,1.0,0,1,1000,0.9,1.3,1.0,0.1,5393
5000.0,1300,1.0,1.5,8.0,5.0,3,0.9,1.8,10.0,1.0,0,1,1000,0.9,1.3,1.0,0.1,5394
5000.0,1300,1.0,1.5,8.0,5.0,4,0.9,1.8,10.0,1.0,0,1,1000,0.9,1.3,1.0,0.1,5395
5000.0,1300,1.0,1.5,8.0,5.0,5,0.9,1.8,10.0,1.0,0,1,1000,0.9,1.3,1.0,0.1,5396
5000.0,1300,1.0,1.5,8.0,5.0,0,0.9,1.8,10.0,1.0,0,1,1000,0.9,1.3,1.0,0.2,5397
5000.0,1300,1.0,1.5,8.0,5.0,1,0.9,1.8,10.0,1.0,0,1,1000,0.9,1.3,1.0,0.2,5398
5000.0,1300,1.0,1.5,8.0,5.0,2,0.9,1.8,10.0,1.0,0,1,1000,0.9,1.3,1.0,0.2,5399
5000.0,1300,1.0,1.5,8.0,5.0,3,0.9,1.8,10.0,1.0,0,1,1000,0.9,1.3,1.0,0.2,5400
5000.0,1300,1.0,1.5,8.0,5.0,4,0.9,1.8,10.0,1.0,0,1,1000,0.9,1.3,1.0,0.2,5401
5000.0,1300,1.0,1.5,8.0,5.0,5,0.9,1.8,10.0,1.0,0,1,1000,0.9,1.3,1.0,0.2,5402
5000.0,1300,1.0,1.5,8.0,5.0,0,0.9,1.8,10.0,1.0,0,1,1000,0.9,1.3,1.0,0.3,5403
5000.0,1300,1.0,1.5,8.0,5.0,1,0.9,1.8,10.0,1.0,0,1,1000,0.9,1.3,1.0,0.3,5404
5000.0,1300,1.0,1.5,8.0,5.0,2,0.9,1.8,10.0,1.0,0,1,1000,0.9,1.3,1.0,0.3,5405
5000.0,1300,1.0,1.5,8.0,5.0,3,0.9,1.8,10.0,1.0,0,1,1000,0.9,1.3,1.0,0.3,5406
5000.0,1300,1.0,1.5,8.0,5.0,4,0.9,1.8,10.0,1.0,0,1,1000,0.9,1.3,1.0,0.3,5407
5000.0,1300,1.0,1.5,8.0,5.0,5,0.9,1.8,10.0,1.0,0,1,1000,0.9,1.3,1.0,0.3,5408
5000.0,1300,1.0,1.5,8.0,5.0,0,0.9,1.8,10.0,1.0,0,1,1000,0.9,1.3,1.0,0.4,5409
5000.0,1300,1.0,1.5,8.0,5.0,1,0.9,1.8,10.0,1.0,0,1,1000,0.9,1.3,1.0,0.4,5410
5000.0,1300,1.0,1.5,8.0,5.0,2,0.9,1.8,10.0,1.0,0,1,1000,0.9,1.3,1.0,0.4,5411
5000.0,1300,1.0,1.5,8.0,5.0,3,0.9,1.8,10.0,1.0,0,1,1000,0.9,1.3,1.0,0.4,5412
5000.0,1300,1.0,1.5,8.0,5.0,4,0.9,1.8,10.0,1.0,0,1,1000,0.9,1.3,1.0,0.4,5413
5000.0,1300,1.0,1.5,8.0,5.0,5,0.9,1.8,10.0,1.0,0,1,1000,0.9,1.3,1.0,0.4,5414
5000.0,1300,1.0,1.5,8.0,5.0,0,0.9,1.8,10.0,1.0,0,1,1000,0.9,1.3,1.0,0.5,5415
5000.0,1300,1.0,1.5,8.0,5.0,1,0.9,1.8,10.0,1.0,0,1,1000,0.9,1.3,1.0,0.5,5416
5000.0,1300,1.0,1.5,8.0,5.0,2,0.9,1.8,10.0,1.0,0,1,1000,0.9,1.3,1.0,0.5,5417
5000.0,1300,1.0,1.5,8.0,5.0,3,0.9,1.8,10.0,1.0,0,1,1000,0.9,1.3,1.0,0.5,5418
5000.0,1300,1.0,1.5,8.0,5.0,4,0.9,1.8,10.0,1.0,0,1,1000,0.9,1.3,1.0,0.5,5419
5000.0,1300,1.0,1.5,8.0,5.0,5,0.9,1.8,10.0,1.0,0,1,1000,0.9,1.3,1.0,0.5,5420
5000.0,1300,1.0,1.5,8.0,5.0,0,0.9,1.8,10.0,1.0,0,2,1000,0.9,1.3,1.0,0.1,5421
5000.0,1300,1.0,1.5,8.0,5.0,1,0.9,1.8,10.0,1.0,0,2,1000,0.9,1.3,1.0,0.1,5422
5000.0,1300,1.0,1.5,8.0,5.0,2,0.9,1.8,10.0,1.0,0,2,1000,0.9,1.3,1.0,0.1,5423
5000.0,1300,1.0,1.5,8.0,5.0,3,0.9,1.8,10.0,1.0,0,2,1000,0.9,1.3,1.0,0.1,5424
5000.0,1300,1.0,1.5,8.0,5.0,4,0.9,1.8,10.0,1.0,0,2,1000,0.9,1.3,1.0,0.1,5425
5000.0,1300,1.0,1.5,8.0,5.0,5,0.9,1.8,10.0,1.0,0,2,1000,0.9,1.3,1.0,0.1,5426
5000.0,1300,1.0,1.5,8.0,5.0,0,0.9,1.8,10.0,1.0,0,2,1000,0.9,1.3,1.0,0.2,5427
5000.0,1300,1.0,1.5,8.0,5.0,1,0.9,1.8,10.0,1.0,0,2,1000,0.9,1.3,1.0,0.2,5428
5000.0,1300,1.0,1.5,8.0,5.0,2,0.9,1.8,10.0,1.0,0,2,1000,0.9,1.3,1.0,0.2,5429
5000.0,1300,1.0,1.5,8.0,5.0,3,0.9,1.8,10.0,1.0,0,2,1000,0.9,1.3,1.0,0.2,5430
5000.0,1300,1.0,1.5,8.0,5.0,4,0.9,1.8,10.0,1.0,0,2,1000,0.9,1.3,1.0,0.2,5431
5000.0,1300,1.0,1.5,8.0,5.0,5,0.9,1.8,10.0,1.0,0,2,1000,0.9,1.3,1.0,0.2,5432
5000.0,1300,1.0,1.5,8.0,5.0,0,0.9,1.8,10.0,1.0,0,2,1000,0.9,1.3,1.0,0.3,5433
5000.0,1300,1.0,1.5,8.0,5.0,1,0.9,1.8,10.0,1.0,0,2,1000,0.9,1.3,1.0,0.3,5434
5000.0,1300,1.0,1.5,8.0,5.0,2,0.9,1.8,10.0,1.0,0,2,1000,0.9,1.3,1.0,0.3,5435
5000.0,1300,1.0,1.5,8.0,5.0,3,0.9,1.8,10.0,1.0,0,2,1000,0.9,1.3,1.0,0.3,5436
5000.0,1300,1.0,1.5,8.0,5.0,4,0.9,1.8,10.0,1.0,0,2,1000,0.9,1.3,1.0,0.3,5437
5000.0,1300,1.0,1.5,8.0,5.0,5,0.9,1.8,10.0,1.0,0,2,1000,0.9,1.3,1.0,0.3,5438
5000.0,1300,1.0,1.5,8.0,5.0,0,0.9,1.8,10.0,1.0,0,2,1000,0.9,1.3,1.0,0.4,5439
5000.0,1300,1.0,1.5,8.0,5.0,1,0.9,1.8,10.0,1.0,0,2,1000,0.9,1.3,1.0,0.4,5440
5000.0,1300,1.0,1.5,8.0,5.0,2,0.9,1.8,10.0,1.0,0,2,1000,0.9,1.3,1.0,0.4,5441
5000.0,1300,1.0,1.5,8.0,5.0,3,0.9,1.8,10.0,1.0,0,2,1000,0.9,1.3,1.0,0.4,5442
5000.0,1300,1.0,1.5,8.0,5.0,4,0.9,1.8,10.0,1.0,0,2,1000,0.9,1.3,1.0,0.4,5443
5000.0,1300,1.0,1.5,8.0,5.0,5,0.9,1.8,10.0,1.0,0,2,1000,0.9,1.3,1.0,0.4,5444
5000.0,1300,1.0,1.5,8.0,5.0,0,0.9,1.8,10.0,1.0,0,2,1000,0.9,1.3,1.0,0.5,5445
5000.0,1300,1.0,1.5,8.0,5.0,1,0.9,1.8,10.0,1.0,0,2,1000,0.9,1.3,1.0,0.5,5446
5000.0,1300,1.0,1.5,8.0,5.0,2,0.9,1.8,10.0,1.0,0,2,1000,0.9,1.3,1.0,0.5,5447
5000.0,1300,1.0,1.5,8.0,5.0,3,0.9,1.8,10.0,1.0,0,2,1000,0.9,1.3,1.0,0.5,5448
5000.0,1300,1.0,1.5,8.0,5.0,4,0.9,1.8,10.0,1.0,0,2,1000,0.9,1.3,1.0,0.5,5449
5000.0,1300,1.0,1.5,8.0,5.0,5,0.9,1.8,10.0,1.0,0,2,1000,0.9,1.3,1.0,0.5,5450
5000.0,1300,1.0,2.0,8.0,5.0,0,0.9,1.8,10.0,1.0,0,0,1000,0.9,1.3,1.0,0.1,5451
5000.0,1300,1.0,2.0,8.0,5.0,1,0.9,1.8,10.0,1.0,0,0,1000,0.9,1.3,1.0,0.1,5452
5000.0,1300,1.0,2.0,8.0,5.0,2,0.9,1.8,10.0,1.0,0,0,1000,0.9,1.3,1.0,0.1,5453
5000.0,1300,1.0,2.0,8.0,5.0,3,0.9,1.8,10.0,1.0,0,0,1000,0.9,1.3,1.0,0.1,5454
5000.0,1300,1.0,2.0,8.0,5.0,4,0.9,1.8,10.0,1.0,0,0,1000,0.9,1.3,1.0,0.1,5455
5000.0,1300,1.0,2.0,8.0,5.0,5,0.9,1.8,10.0,1.0,0,0,1000,0.9,1.3,1.0,0.1,5456
5000.0,1300,1.0,2.0,8.0,5.0,0,0.9,1.8,10.0,1.0,0,0,1000,0.9,1.3,1.0,0.2,5457
5000.0,1300,1.0,2.0,8.0,5.0,1,0.9,1.8,10.0,1.0,0,0,1000,0.9,1.3,1.0,0.2,5458
5000.0,1300,1.0,2.0,8.0,5.0,2,0.9,1.8,10.0,1.0,0,0,1000,0.9,1.3,1.0,0.2,5459
5000.0,1300,1.0,2.0,8.0,5.0,3,0.9,1.8,10.0,1.0,0,0,1000,0.9,1.3,1.0,0.2,5460
5000.0,1300,1.0,2.0,8.0,5.0,4,0.9,1.8,10.0,1.0,0,0,1000,0.9,1.3,1.0,0.2,5461
5000.0,1300,1.0,2.0,8.0,5.0,5,0.9,1.8,10.0,1.0,0,0,1000,0.9,1.3,1.0,0.2,5462
5000.0,1300,1.0,2.0,8.0,5.0,0,0.9,1.8,10.0,1.0,0,0,1000,0.9,1.3,1.0,0.3,5463
5000.0,1300,1.0,2.0,8.0,5.0,1,0.9,1.8,10.0,1.0,0,0,1000,0.9,1.3,1.0,0.3,5464
5000.0,1300,1.0,2.0,8.0,5.0,2,0.9,1.8,10.0,1.0,0,0,1000,0.9,1.3,1.0,0.3,5465
5000.0,1300,1.0,2.0,8.0,5.0,3,0.9,1.8,10.0,1.0,0,0,1000,0.9,1.3,1.0,0.3,5466
5000.0,1300,1.0,2.0,8.0,5.0,4,0.9,1.8,10.0,1.0,0,0,1000,0.9,1.3,1.0,0.3,5467
5000.0,1300,1.0,2.0,8.0,5.0,5,0.9,1.8,10.0,1.0,0,0,1000,0.9,1.3,1.0,0.3,5468
5000.0,1300,1.0,2.0,8.0,5.0,0,0.9,1.8,10.0,1.0,0,0,1000,0.9,1.3,1.0,0.4,5469
5000.0,1300,1.0,2.0,8.0,5.0,1,0.9,1.8,10.0,1.0,0,0,1000,0.9,1.3,1.0,0.4,5470
5000.0,1300,1.0,2.0,8.0,5.0,2,0.9,1.8,10.0,1.0,0,0,1000,0.9,1.3,1.0,0.4,5471
5000.0,1300,1.0,2.0,8.0,5.0,3,0.9,1.8,10.0,1.0,0,0,1000,0.9,1.3,1.0,0.4,5472
5000.0,1300,1.0,2.0,8.0,5.0,4,0.9,1.8,10.0,1.0,0,0,1000,0.9,1.3,1.0,0.4,5473
5000.0,1300,1.0,2.0,8.0,5.0,5,0.9,1.8,10.0,1.0,0,0,1000,0.9,1.3,1.0,0.4,5474
5000.0,1300,1.0,2.0,8.0,5.0,0,0.9,1.8,10.0,1.0,0,0,1000,0.9,1.3,1.0,0.5,5475
5000.0,1300,1.0,2.0,8.0,5.0,1,0.9,1.8,10.0,1.0,0,0,1000,0.9,1.3,1.0,0.5,5476
5000.0,1300,1.0,2.0,8.0,5.0,2,0.9,1.8,10.0,1.0,0,0,1000,0.9,1.3,1.0,0.5,5477
5000.0,1300,1.0,2.0,8.0,5.0,3,0.9,1.8,10.0,1.0,0,0,1000,0.9,1.3,1.0,0.5,5478
5000.0,1300,1.0,2.0,8.0,5.0,4,0.9,1.8,10.0,1.0,0,0,1000,0.9,1.3,1.0,0.5,5479
5000.0,1300,1.0,2.0,8.0,5.0,5,0.9,1.8,10.0,1.0,0,0,1000,0.9,1.3,1.0,0.5,5480
5000.0,1300,1.0,2.0,8.0,5.0,0,0.9,1.8,10.0,1.0,0,1,1000,0.9,1.3,1.0,0.1,5481
5000.0,1300,1.0,2.0,8.0,5.0,1,0.9,1.8,10.0,1.0,0,1,1000,0.9,1.3,1.0,0.1,5482
5000.0,1300,1.0,2.0,8.0,5.0,2,0.9,1.8,10.0,1.0,0,1,1000,0.9,1.3,1.0,0.1,5483
5000.0,1300,1.0,2.0,8.0,5.0,3,0.9,1.8,10.0,1.0,0,1,1000,0.9,1.3,1.0,0.1,5484
5000.0,1300,1.0,2.0,8.0,5.0,4,0.9,1.8,10.0,1.0,0,1,1000,0.9,1.3,1.0,0.1,5485
5000.0,1300,1.0,2.0,8.0,5.0,5,0.9,1.8,10.0,1.0,0,1,1000,0.9,1.3,1.0,0.1,5486
5000.0,1300,1.0,2.0,8.0,5.0,0,0.9,1.8,10.0,1.0,0,1,1000,0.9,1.3,1.0,0.2,5487
5000.0,1300,1.0,2.0,8.0,5.0,1,0.9,1.8,10.0,1.0,0,1,1000,0.9,1.3,1.0,0.2,5488
5000.0,1300,1.0,2.0,8.0,5.0,2,0.9,1.8,10.0,1.0,0,1,1000,0.9,1.3,1.0,0.2,5489
5000.0,1300,1.0,2.0,8.0,5.0,3,0.9,1.8,10.0,1.0,0,1,1000,0.9,1.3,1.0,0.2,5490
5000.0,1300,1.0,2.0,8.0,5.0,4,0.9,1.8,10.0,1.0,0,1,1000,0.9,1.3,1.0,0.2,5491
5000.0,1300,1.0,2.0,8.0,5.0,5,0.9,1.8,10.0,1.0,0,1,1000,0.9,1.3,1.0,0.2,5492
5000.0,1300,1.0,2.0,8.0,5.0,0,0.9,1.8,10.0,1.0,0,1,1000,0.9,1.3,1.0,0.3,5493
5000.0,1300,1.0,2.0,8.0,5.0,1,0.9,1.8,10.0,1.0,0,1,1000,0.9,1.3,1.0,0.3,5494
5000.0,1300,1.0,2.0,8.0,5.0,2,0.9,1.8,10.0,1.0,0,1,1000,0.9,1.3,1.0,0.3,5495
5000.0,1300,1.0,2.0,8.0,5.0,3,0.9,1.8,10.0,1.0,0,1,1000,0.9,1.3,1.0,0.3,5496
5000.0,1300,1.0,2.0,8.0,5.0,4,0.9,1.8,10.0,1.0,0,1,1000,0.9,1.3,1.0,0.3,5497
5000.0,1300,1.0,2.0,8.0,5.0,5,0.9,1.8,10.0,1.0,0,1,1000,0.9,1.3,1.0,0.3,5498
5000.0,1300,1.0,2.0,8.0,5.0,0,0.9,1.8,10.0,1.0,0,1,1000,0.9,1.3,1.0,0.4,5499
5000.0,1300,1.0,2.0,8.0,5.0,1,0.9,1.8,10.0,1.0,0,1,1000,0.9,1.3,1.0,0.4,5500
5000.0,1300,1.0,2.0,8.0,5.0,2,0.9,1.8,10.0,1.0,0,1,1000,0.9,1.3,1.0,0.4,5501
5000.0,1300,1.0,2.0,8.0,5.0,3,0.9,1.8,10.0,1.0,0,1,1000,0.9,1.3,1.0,0.4,5502
5000.0,1300,1.0,2.0,8.0,5.0,4,0.9,1.8,10.0,1.0,0,1,1000,0.9,1.3,1.0,0.4,5503
5000.0,1300,1.0,2.0,8.0,5.0,5,0.9,1.8,10.0,1.0,0,1,1000,0.9,1.3,1.0,0.4,5504
5000.0,1300,1.0,2.0,8.0,5.0,0,0.9,1.8,10.0,1.0,0,1,1000,0.9,1.3,1.0,0.5,5505
5000.0,1300,1.0,2.0,8.0,5.0,1,0.9,1.8,10.0,1.0,0,1,1000,0.9,1.3,1.0,0.5,5506
5000.0,1300,1.0,2.0,8.0,5.0,2,0.9,1.8,10.0,1.0,0,1,1000,0.9,1.3,1.0,0.5,5507
5000.0,1300,1.0,2.0,8.0,5.0,3,0.9,1.8,10.0,1.0,0,1,1000,0.9,1.3,1.0,0.5,5508
5000.0,1300,1.0,2.0,8.0,5.0,4,0.9,1.8,10.0,1.0,0,1,1000,0.9,1.3,1.0,0.5,5509
5000.0,1300,1.0,2.0,8.0,5.0,5,0.9,1.8,10.0,1.0,0,1,1000,0.9,1.3,1.0,0.5,5510
5000.0,1300,1.0,2.0,8.0,5.0,0,0.9,1.8,10.0,1.0,0,2,1000,0.9,1.3,1.0,0.1,5511
5000.0,1300,1.0,2.0,8.0,5.0,1,0.9,1.8,10.0,1.0,0,2,1000,0.9,1.3,1.0,0.1,5512
5000.0,1300,1.0,2.0,8.0,5.0,2,0.9,1.8,10.0,1.0,0,2,1000,0.9,1.3,1.0,0.1,5513
5000.0,1300,1.0,2.0,8.0,5.0,3,0.9,1.8,10.0,1.0,0,2,1000,0.9,1.3,1.0,0.1,5514
5000.0,1300,1.0,2.0,8.0,5.0,4,0.9,1.8,10.0,1.0,0,2,1000,0.9,1.3,1.0,0.1,5515
5000.0,1300,1.0,2.0,8.0,5.0,5,0.9,1.8,10.0,1.0,0,2,1000,0.9,1.3,1.0,0.1,5516
5000.0,1300,1.0,2.0,8.0,5.0,0,0.9,1.8,10.0,1.0,0,2,1000,0.9,1.3,1.0,0.2,5517
5000.0,1300,1.0,2.0,8.0,5.0,1,0.9,1.8,10.0,1.0,0,2,1000,0.9,1.3,1.0,0.2,5518
5000.0,1300,1.0,2.0,8.0,5.0,2,0.9,1.8,10.0,1.0,0,2,1000,0.9,1.3,1.0,0.2,5519
5000.0,1300,1.0,2.0,8.0,5.0,3,0.9,1.8,10.0,1.0,0,2,1000,0.9,1.3,1.0,0.2,5520
5000.0,1300,1.0,2.0,8.0,5.0,4,0.9,1.8,10.0,1.0,0,2,1000,0.9,1.3,1.0,0.2,5521
5000.0,1300,1.0,2.0,8.0,5.0,5,0.9,1.8,10.0,1.0,0,2,1000,0.9,1.3,1.0,0.2,5522
5000.0,1300,1.0,2.0,8.0,5.0,0,0.9,1.8,10.0,1.0,0,2,1000,0.9,1.3,1.0,0.3,5523
5000.0,1300,1.0,2.0,8.0,5.0,1,0.9,1.8,10.0,1.0,0,2,1000,0.9,1.3,1.0,0.3,5524
5000.0,1300,1.0,2.0,8.0,5.0,2,0.9,1.8,10.0,1.0,0,2,1000,0.9,1.3,1.0,0.3,5525
5000.0,1300,1.0,2.0,8.0,5.0,3,0.9,1.8,10.0,1.0,0,2,1000,0.9,1.3,1.0,0.3,5526
5000.0,1300,1.0,2.0,8.0,5.0,4,0.9,1.8,10.0,1.0,0,2,1000,0.9,1.3,1.0,0.3,5527
5000.0,1300,1.0,2.0,8.0,5.0,5,0.9,1.8,10.0,1.0,0,2,1000,0.9,1.3,1.0,0.3,5528
5000.0,1300,1.0,2.0,8.0,5.0,0,0.9,1.8,10.0,1.0,0,2,1000,0.9,1.3,1.0,0.4,5529
5000.0,1300,1.0,2.0,8.0,5.0,1,0.9,1.8,10.0,1.0,0,2,1000,0.9,1.3,1.0,0.4,5530
5000.0,1300,1.0,2.0,8.0,5.0,2,0.9,1.8,10.0,1.0,0,2,1000,0.9,1.3,1.0,0.4,5531
5000.0,1300,1.0,2.0,8.0,5.0,3,0.9,1.8,10.0,1.0,0,2,1000,0.9,1.3,1.0,0.4,5532
5000.0,1300,1.0,2.0,8.0,5.0,4,0.9,1.8,10.0,1.0,0,2,1000,0.9,1.3,1.0,0.4,5533
5000.0,1300,1.0,2.0,8.0,5.0,5,0.9,1.8,10.0,1.0,0,2,1000,0.9,1.3,1.0,0.4,5534
5000.0,1300,1.0,2.0,8.0,5.0,0,0.9,1.8,10.0,1.0,0,2,1000,0.9,1.3,1.0,0.5,5535
5000.0,1300,1.0,2.0,8.0,5.0,1,0.9,1.8,10.0,1.0,0,2,1000,0.9,1.3,1.0,0.5,5536
5000.0,1300,1.0,2.0,8.0,5.0,2,0.9,1.8,10.0,1.0,0,2,1000,0.9,1.3,1.0,0.5,5537
5000.0,1300,1.0,2.0,8.0,5.0,3,0.9,1.8,10.0,1.0,0,2,1000,0.9,1.3,1.0,0.5,5538
5000.0,1300,1.0,2.0,8.0,5.0,4,0.9,1.8,10.0,1.0,0,2,1000,0.9,1.3,1.0,0.5,5539
5000.0,1300,1.0,2.0,8.0,5.0,5,0.9,1.8,10.0,1.0,0,2,1000,0.9,1.3,1.0,0.5,5540
40000.0,13000,1.0,1.5,8.0,4.0,0,0.9,1.8,10.0,1.0,0,0,10000,0.9,1.3,1.0,0.1,5541
40000.0,13000,1.0,1.5,8.0,4.0,1,0.9,1.8,10.0,1.0,0,0,10000,0.9,1.3,1.0,0.1,5542
40000.0,13000,1.0,1.5,8.0,4.0,2,0.9,1.8,10.0,1.0,0,0,10000,0.9,1.3,1.0,0.1,5543
40000.0,13000,1.0,1.5,8.0,4.0,3,0.9,1.8,10.0,1.0,0,0,10000,0.9,1.3,1.0,0.1,5544
40000.0,13000,1.0,1.5,8.0,4.0,4,0.9,1.8,10.0,1.0,0,0,10000,0.9,1.3,1.0,0.1,5545
40000.0,13000,1.0,1.5,8.0,4.0,5,0.9,1.8,10.0,1.0,0,0,10000,0.9,1.3,1.0,0.1,5546
40000.0,13000,1.0,1.5,8.0,4.0,0,0.9,1.8,10.0,1.0,0,0,10000,0.9,1.3,1.0,0.2,5547
40000.0,13000,1.0,1.5,8.0,4.0,1,0.9,1.8,10.0,1.0,0,0,10000,0.9,1.3,1.0,0.2,5548
40000.0,13000,1.0,1.5,8.0,4.0,2,0.9,1.8,10.0,1.0,0,0,10000,0.9,1.3,1.0,0.2,5549
40000.0,13000,1.0,1.5,8.0,4.0,3,0.9,1.8,10.0,1.0,0,0,10000,0.9,1.3,1.0,0.2,5550
40000.0,13000,1.0,1.5,8.0,4.0,4,0.9,1.8,10.0,1.0,0,0,10000,0.9,1.3,1.0,0.2,5551
40000.0,13000,1.0,1.5,8.0,4.0,5,0.9,1.8,10.0,1.0,0,0,10000,0.9,1.3,1.0,0.2,5552
40000.0,13000,1.0,1.5,8.0,4.0,0,0.9,1.8,10.0,1.0,0,0,10000,0.9,1.3,1.0,0.3,5553
40000.0,13000,1.0,1.5,8.0,4.0,1,0.9,1.8,10.0,1.0,0,0,10000,0.9,1.3,1.0,0.3,5554
40000.0,13000,1.0,1.5,8.0,4.0,2,0.9,1.8,10.0,1.0,0,0,10000,0.9,1.3,1.0,0.3,5555
40000.0,13000,1.0,1.5,8.0,4.0,3,0.9,1.8,10.0,1.0,0,0,10000,0.9,1.3,1.0,0.3,5556
40000.0,13000,1.0,1.5,8.0,4.0,4,0.9,1.8,10.0,1.0,0,0,10000,0.9,1.3,1.0,0.3,5557
40000.0,13000,1.0,1.5,8.0,4.0,5,0.9,1.8,10.0,1.0,0,0,10000,0.9,1.3,1.0,0.3,5558
40000.0,13000,1.0,1.5,8.0,4.0,0,0.9,1.8,10.0,1.0,0,0,10000,0.9,1.3,1.0,0.4,5559
40000.0,13000,1.0,1.5,8.0,4.0,1,0.9,1.8,10.0,1.0,0,0,10000,0.9,1.3,1.0,0.4,5560
40000.0,13000,1.0,1.5,8.0,4.0,2,0.9,1.8,10.0,1.0,0,0,10000,0.9,1.3,1.0,0.4,5561
40000.0,13000,1.0,1.5,8.0,4.0,3,0.9,1.8,10.0,1.0,0,0,10000,0.9,1.3,1.0,0.4,5562
40000.0,13000,1.0,1.5,8.0,4.0,4,0.9,1.8,10.0,1.0,0,0,10000,0.9,1.3,1.0,0.4,5563
40000.0,13000,1.0,1.5,8.0,4.0,5,0.9,1.8,10.0,1.0,0,0,10000,0.9,1.3,1.0,0.4,5564
40000.0,13000,1.0,1.5,8.0,4.0,0,0.9,1.8,10.0,1.0,0,0,10000,0.9,1.3,1.0,0.5,5565
40000.0,13000,1.0,1.5,8.0,4.0,1,0.9,1.8,10.0,1.0,0,0,10000,0.9,1.3,1.0,0.5,5566
40000.0,13000,1.0,1.5,8.0,4.0,2,0.9,1.8,10.0,1.0,0,0,10000,0.9,1.3,1.0,0.5,5567
40000.0,13000,1.0,1.5,8.0,4.0,3,0.9,1.8,10.0,1.0,0,0,10000,0.9,1.3,1.0,0.5,5568
40000.0,13000,1.0,1.5,8.0,4.0,4,0.9,1.8,10.0,1.0,0,0,10000,0.9,1.3,1.0,0.5,5569
40000.0,13000,1.0,1.5,8.0,4.0,5,0.9,1.8,10.0,1.0,0,0,10000,0.9,1.3,1.0,0.5,5570
40000.0,13000,1.0,1.5,8.0,4.0,0,0.9,1.8,10.0,1.0,0,1,10000,0.9,1.3,1.0,0.1,5571
40000.0,13000,1.0,1.5,8.0,4.0,1,0.9,1.8,10.0,1.0,0,1,10000,0.9,1.3,1.0,0.1,5572
40000.0,13000,1.0,1.5,8.0,4.0,2,0.9,1.8,10.0,1.0,0,1,10000,0.9,1.3,1.0,0.1,5573
40000.0,13000,1.0,1.5,8.0,4.0,3,0.9,1.8,10.0,1.0,0,1,10000,0.9,1.3,1.0,0.1,5574
40000.0,13000,1.0,1.5,8.0,4.0,4,0.9,1.8,10.0,1.0,0,1,10000,0.9,1.3,1.0,0.1,5575
40000.0,13000,1.0,1.5,8.0,4.0,5,0.9,1.8,10.0,1.0,0,1,10000,0.9,1.3,1.0,0.1,5576
40000.0,13000,1.0,1.5,8.0,4.0,0,0.9,1.8,10.0,1.0,0,1,10000,0.9,1.3,1.0,0.2,5577
40000.0,13000,1.0,1.5,8.0,4.0,1,0.9,1.8,10.0,1.0,0,1,10000,0.9,1.3,1.0,0.2,5578
40000.0,13000,1.0,1.5,8.0,4.0,2,0.9,1.8,10.0,1.0,0,1,10000,0.9,1.3,1.0,0.2,5579
40000.0,13000,1.0,1.5,8.0,4.0,3,0.9,1.8,10.0,1.0,0,1,10000,0.9,1.3,1.0,0.2,5580
40000.0,13000,1.0,1.5,8.0,4.0,4,0.9,1.8,10.0,1.0,0,1,10000,0.9,1.3,1.0,0.2,5581
40000.0,13000,1.0,1.5,8.0,4.0,5,0.9,1.8,10.0,1.0,0,1,10000,0.9,1.3,1.0,0.2,5582
40000.0,13000,1.0,1.5,8.0,4.0,0,0.9,1.8,10.0,1.0,0,1,10000,0.9,1.3,1.0,0.3,5583
40000.0,13000,1.0,1.5,8.0,4.0,1,0.9,1.8,10.0,1.0,0,1,10000,0.9,1.3,1.0,0.3,5584
40000.0,13000,1.0,1.5,8.0,4.0,2,0.9,1.8,10.0,1.0,0,1,10000,0.9,1.3,1.0,0.3,5585
40000.0,13000,1.0,1.5,8.0,4.0,3,0.9,1.8,10.0,1.0,0,1,10000,0.9,1.3,1.0,0.3,5586
40000.0,13000,1.0,1.5,8.0,4.0,4,0.9,1.8,10.0,1.0,0,1,10000,0.9,1.3,1.0,0.3,5587
40000.0,13000,1.0,1.5,8.0,4.0,5,0.9,1.8,10.0,1.0,0,1,10000,0.9,1.3,1.0,0.3,5588
40000.0,13000,1.0,1.5,8.0,4.0,0,0.9,1.8,10.0,1.0,0,1,10000,0.9,1.3,1.0,0.4,5589
40000.0,13000,1.0,1.5,8.0,4.0,1,0.9,1.8,10.0,1.0,0,1,10000,0.9,1.3,1.0,0.4,5590
40000.0,13000,1.0,1.5,8.0,4.0,2,0.9,1.8,10.0,1.0,0,1,10000,0.9,1.3,1.0,0.4,5591
40000.0,13000,1.0,1.5,8.0,4.0,3,0.9,1.8,10.0,1.0,0,1,10000,0.9,1.3,1.0,0.4,5592
40000.0,13000,1.0,1.5,8.0,4.0,4,0.9,1.8,10.0,1.0,0,1,10000,0.9,1.3,1.0,0.4,5593
40000.0,13000,1.0,1.5,8.0,4.0,5,0.9,1.8,10.0,1.0,0,1,10000,0.9,1.3,1.0,0.4,5594
40000.0,13000,1.0,1.5,8.0,4.0,0,0.9,1.8,10.0,1.0,0,1,10000,0.9,1.3,1.0,0.5,5595
40000.0,13000,1.0,1.5,8.0,4.0,1,0.9,1.8,10.0,1.0,0,1,10000,0.9,1.3,1.0,0.5,5596
40000.0,13000,1.0,1.5,8.0,4.0,2,0.9,1.8,10.0,1.0,0,1,10000,0.9,1.3,1.0,0.5,5597
40000.0,13000,1.0,1.5,8.0,4.0,3,0.9,1.8,10.0,1.0,0,1,10000,0.9,1.3,1.0,0.5,5598
40000.0,13000,1.0,1.5,8.0,4.0,4,0.9,1.8,10.0,1.0,0,1,10000,0.9,1.3,1.0,0.5,5599
40000.0,13000,1.0,1.5,8.0,4.0,5,0.9,1.8,10.0,1.0,0,1,10000,0.9,1.3,1.0,0.5,5600
40000.0,13000,1.0,1.5,8.0,4.0,0,0.9,1.8,10.0,1.0,0,2,10000,0.9,1.3,1.0,0.1,5601
40000.0,13000,1.0,1.5,8.0,4.0,1,0.9,1.8,10.0,1.0,0,2,10000,0.9,1.3,1.0,0.1,5602
40000.0,13000,1.0,1.5,8.0,4.0,2,0.9,1.8,10.0,1.0,0,2,10000,0.9,1.3,1.0,0.1,5603
40000.0,13000,1.0,1.5,8.0,4.0,3,0.9,1.8,10.0,1.0,0,2,10000,0.9,1.3,1.0,0.1,5604
40000.0,13000,1.0,1.5,8.0,4.0,4,0.9,1.8,10.0,1.0,0,2,10000,0.9,1.3,1.0,0.1,5605
40000.0,13000,1.0,1.5,8.0,4.0,5,0.9,1.8,10.0,1.0,0,2,10000,0.9,1.3,1.0,0.1,5606
40000.0,13000,1.0,1.5,8.0,4.0,0,0.9,1.8,10.0,1.0,0,2,10000,0.9,1.3,1.0,0.2,5607
40000.0,13000,1.0,1.5,8.0,4.0,1,0.9,1.8,10.0,1.0,0,2,10000,0.9,1.3,1.0,0.2,5608
40000.0,13000,1.0,1.5,8.0,4.0,2,0.9,1.8,10.0,1.0,0,2,10000,0.9,1.3,1.0,0.2,5609
40000.0,13000,1.0,1.5,8.0,4.0,3,0.9,1.8,10.0,1.0,0,2,10000,0.9,1.3,1.0,0.2,5610
40000.0,13000,1.0,1.5,8.0,4.0,4,0.9,1.8,10.0,1.0,0,2,10000,0.9,1.3,1.0,0.2,5611
40000.0,13000,1.0,1.5,8.0,4.0,5,0.9,1.8,10.0,1.0,0,2,10000,0.9,1.3,1.0,0.2,5612
40000.0,13000,1.0,1.5,8.0,4.0,0,0.9,1.8,10.0,1.0,0,2,10000,0.9,1.3,1.0,0.3,5613
40000.0,13000,1.0,1.5,8.0,4.0,1,0.9,1.8,10.0,1.0,0,2,10000,0.9,1.3,1.0,0.3,5614
40000.0,13000,1.0,1.5,8.0,4.0,2,0.9,1.8,10.0,1.0,0,2,10000,0.9,1.3,1.0,0.3,5615
40000.0,13000,1.0,1.5,8.0,4.0,3,0.9,1.8,10.0,1.0,0,2,10000,0.9,1.3,1.0,0.3,5616
40000.0,13000,1.0,1.5,8.0,4.0,4,0.9,1.8,10.0,1.0,0,2,10000,0.9,1.3,1.0,0.3,5617
40000.0,13000,1.0,1.5,8.0,4.0,5,0.9,1.8,10.0,1.0,0,2,10000,0.9,1.3,1.0,0.3,5618
40000.0,13000,1.0,1.5,8.0,4.0,0,0.9,1.8,10.0,1.0,0,2,10000,0.9,1.3,1.0,0.4,5619
40000.0,13000,1.0,1.5,8.0,4.0,1,0.9,1.8,10.0,1.0,0,2,10000,0.9,1.3,1.0,0.4,5620
40000.0,13000,1.0,1.5,8.0,4.0,2,0.9,1.8,10.0,1.0,0,2,10000,0.9,1.3,1.0,0.4,5621
40000.0,13000,1.0,1.5,8.0,4.0,3,0.9,1.8,10.0,1.0,0,2,10000,0.9,1.3,1.0,0.4,5622
40000.0,13000,1.0,1.5,8.0,4.0,4,0.9,1.8,10.0,1.0,0,2,10000,0.9,1.3,1.0,0.4,5623
40000.0,13000,1.0,1.5,8.0,4.0,5,0.9,1.8,10.0,1.0,0,2,10000,0.9,1.3,1.0,0.4,5624
40000.0,13000,1.0,1.5,8.0,4.0,0,0.9,1.8,10.0,1.0,0,2,10000,0.9,1.3,1.0,0.5,5625
40000.0,13000,1.0,1.5,8.0,4.0,1,0.9,1.8,10.0,1.0,0,2,10000,0.9,1.3,1.0,0.5,5626
40000.0,13000,1.0,1.5,8.0,4.0,2,0.9,1.8,10.0,1.0,0,2,10000,0.9,1.3,1.0,0.5,5627
40000.0,13000,1.0,1.5,8.0,4.0,3,0.9,1.8,10.0,1.0,0,2,10000,0.9,1.3,1.0,0.5,5628
40000.0,13000,1.0,1.5,8.0,4.0,4,0.9,1.8,10.0,1.0,0,2,10000,0.9,1.3,1.0,0.5,5629
40000.0,13000,1.0,1.5,8.0,4.0,5,0.9,1.8,10.0,1.0,0,2,10000,0.9,1.3,1.0,0.5,5630
40000.0,13000,1.0,2.0,8.0,4.0,0,0.9,1.8,10.0,1.0,0,0,10000,0.9,1.3,1.0,0.1,5631
40000.0,13000,1.0,2.0,8.0,4.0,1,0.9,1.8,10.0,1.0,0,0,10000,0.9,1.3,1.0,0.1,5632
40000.0,13000,1.0,2.0,8.0,4.0,2,0.9,1.8,10.0,1.0,0,0,10000,0.9,1.3,1.0,0.1,5633
40000.0,13000,1.0,2.0,8.0,4.0,3,0.9,1.8,10.0,1.0,0,0,10000,0.9,1.3,1.0,0.1,5634
40000.0,13000,1.0,2.0,8.0,4.0,4,0.9,1.8,10.0,1.0,0,0,10000,0.9,1.3,1.0,0.1,5635
40000.0,13000,1.0,2.0,8.0,4.0,5,0.9,1.8,10.0,1.0,0,0,10000,0.9,1.3,1.0,0.1,5636
40000.0,13000,1.0,2.0,8.0,4.0,0,0.9,1.8,10.0,1.0,0,0,10000,0.9,1.3,1.0,0.2,5637
40000.0,13000,1.0,2.0,8.0,4.0,1,0.9,1.8,10.0,1.0,0,0,10000,0.9,1.3,1.0,0.2,5638
40000.0,13000,1.0,2.0,8.0,4.0,2,0.9,1.8,10.0,1.0,0,0,10000,0.9,1.3,1.0,0.2,5639
40000.0,13000,1.0,2.0,8.0,4.0,3,0.9,1.8,10.0,1.0,0,0,10000,0.9,1.3,1.0,0.2,5640
40000.0,13000,1.0,2.0,8.0,4.0,4,0.9,1.8,10.0,1.0,0,0,10000,0.9,1.3,1.0,0.2,5641
40000.0,13000,1.0,2.0,8.0,4.0,5,0.9,1.8,10.0,1.0,0,0,10000,0.9,1.3,1.0,0.2,5642
40000.0,13000,1.0,2.0,8.0,4.0,0,0.9,1.8,10.0,1.0,0,0,10000,0.9,1.3,1.0,0.3,5643
40000.0,13000,1.0,2.0,8.0,4.0,1,0.9,1.8,10.0,1.0,0,0,10000,0.9,1.3,1.0,0.3,5644
40000.0,13000,1.0,2.0,8.0,4.0,2,0.9,1.8,10.0,1.0,0,0,10000,0.9,1.3,1.0,0.3,5645
40000.0,13000,1.0,2.0,8.0,4.0,3,0.9,1.8,10.0,1.0,0,0,10000,0.9,1.3,1.0,0.3,5646
40000.0,13000,1.0,2.0,8.0,4.0,4,0.9,1.8,10.0,1.0,0,0,10000,0.9,1.3,1.0,0.3,5647
40000.0,13000,1.0,2.0,8.0,4.0,5,0.9,1.8,10.0,1.0,0,0,10000,0.9,1.3,1.0,0.3,5648
40000.0,13000,1.0,2.0,8.0,4.0,0,0.9,1.8,10.0,1.0,0,0,10000,0.9,1.3,1.0,0.4,5649
40000.0,13000,1.0,2.0,8.0,4.0,1,0.9,1.8,10.0,1.0,0,0,10000,0.9,1.3,1.0,0.4,5650
40000.0,13000,1.0,2.0,8.0,4.0,2,0.9,1.8,10.0,1.0,0,0,10000,0.9,1.3,1.0,0.4,5651
40000.0,13000,1.0,2.0,8.0,4.0,3,0.9,1.8,10.0,1.0,0,0,10000,0.9,1.3,1.0,0.4,5652
40000.0,13000,1.0,2.0,8.0,4.0,4,0.9,1.8,10.0,1.0,0,0,10000,0.9,1.3,1.0,0.4,5653
40000.0,13000,1.0,2.0,8.0,4.0,5,0.9,1.8,10.0,1.0,0,0,10000,0.9,1.3,1.0,0.4,5654
40000.0,13000,1.0,2.0,8.0,4.0,0,0.9,1.8,10.0,1.0,0,0,10000,0.9,1.3,1.0,0.5,5655
40000.0,13000,1.0,2.0,8.0,4.0,1,0.9,1.8,10.0,1.0,0,0,10000,0.9,1.3,1.0,0.5,5656
40000.0,13000,1.0,2.0,8.0,4.0,2,0.9,1.8,10.0,1.0,0,0,10000,0.9,1.3,1.0,0.5,5657
40000.0,13000,1.0,2.0,8.0,4.0,3,0.9,1.8,10.0,1.0,0,0,10000,0.9,1.3,1.0,0.5,5658
40000.0,13000,1.0,2.0,8.0,4.0,4,0.9,1.8,10.0,1.0,0,0,10000,0.9,1.3,1.0,0.5,5659
40000.0,13000,1.0,2.0,8.0,4.0,5,0.9,1.8,10.0,1.0,0,0,10000,0.9,1.3,1.0,0.5,5660
40000.0,13000,1.0,2.0,8.0,4.0,0,0.9,1.8,10.0,1.0,0,1,10000,0.9,1.3,1.0,0.1,5661
40000.0,13000,1.0,2.0,8.0,4.0,1,0.9,1.8,10.0,1.0,0,1,10000,0.9,1.3,1.0,0.1,5662
40000.0,13000,1.0,2.0,8.0,4.0,2,0.9,1.8,10.0,1.0,0,1,10000,0.9,1.3,1.0,0.1,5663
40000.0,13000,1.0,2.0,8.0,4.0,3,0.9,1.8,10.0,1.0,0,1,10000,0.9,1.3,1.0,0.1,5664
40000.0,13000,1.0,2.0,8.0,4.0,4,0.9,1.8,10.0,1.0,0,1,10000,0.9,1.3,1.0,0.1,5665
40000.0,13000,1.0,2.0,8.0,4.0,5,0.9,1.8,10.0,1.0,0,1,10000,0.9,1.3,1.0,0.1,5666
40000.0,13000,1.0,2.0,8.0,4.0,0,0.9,1.8,10.0,1.0,0,1,10000,0.9,1.3,1.0,0.2,5667
40000.0,13000,1.0,2.0,8.0,4.0,1,0.9,1.8,10.0,1.0,0,1,10000,0.9,1.3,1.0,0.2,5668
40000.0,13000,1.0,2.0,8.0,4.0,2,0.9,1.8,10.0,1.0,0,1,10000,0.9,1.3,1.0,0.2,5669
40000.0,13000,1.0,2.0,8.0,4.0,3,0.9,1.8,10.0,1.0,0,1,10000,0.9,1.3,1.0,0.2,5670
40000.0,13000,1.0,2.0,8.0,4.0,4,0.9,1.8,10.0,1.0,0,1,10000,0.9,1.3,1.0,0.2,5671
40000.0,13000,1.0,2.0,8.0,4.0,5,0.9,1.8,10.0,1.0,0,1,10000,0.9,1.3,1.0,0.2,5672
40000.0,13000,1.0,2.0,8.0,4.0,0,0.9,1.8,10.0,1.0,0,1,10000,0.9,1.3,1.0,0.3,5673
40000.0,13000,1.0,2.0,8.0,4.0,1,0.9,1.8,10.0,1.0,0,1,10000,0.9,1.3,1.0,0.3,5674
40000.0,13000,1.0,2.0,8.0,4.0,2,0.9,1.8,10.0,1.0,0,1,10000,0.9,1.3,1.0,0.3,5675
40000.0,13000,1.0,2.0,8.0,4.0,3,0.9,1.8,10.0,1.0,0,1,10000,0.9,1.3,1.0,0.3,5676
40000.0,13000,1.0,2.0,8.0,4.0,4,0.9,1.8,10.0,1.0,0,1,10000,0.9,1.3,1.0,0.3,5677
40000.0,13000,1.0,2.0,8.0,4.0,5,0.9,1.8,10.0,1.0,0,1,10000,0.9,1.3,1.0,0.3,5678
40000.0,13000,1.0,2.0,8.0,4.0,0,0.9,1.8,10.0,1.0,0,1,10000,0.9,1.3,1.0,0.4,5679
40000.0,13000,1.0,2.0,8.0,4.0,1,0.9,1.8,10.0,1.0,0,1,10000,0.9,1.3,1.0,0.4,5680
40000.0,13000,1.0,2.0,8.0,4.0,2,0.9,1.8,10.0,1.0,0,1,10000,0.9,1.3,1.0,0.4,5681
40000.0,13000,1.0,2.0,8.0,4.0,3,0.9,1.8,10.0,1.0,0,1,10000,0.9,1.3,1.0,0.4,5682
40000.0,13000,1.0,2.0,8.0,4.0,4,0.9,1.8,10.0,1.0,0,1,10000,0.9,1.3,1.0,0.4,5683
40000.0,13000,1.0,2.0,8.0,4.0,5,0.9,1.8,10.0,1.0,0,1,10000,0.9,1.3,1.0,0.4,5684
40000.0,13000,1.0,2.0,8.0,4.0,0,0.9,1.8,10.0,1.0,0,1,10000,0.9,1.3,1.0,0.5,5685
40000.0,13000,1.0,2.0,8.0,4.0,1,0.9,1.8,10.0,1.0,0,1,10000,0.9,1.3,1.0,0.5,5686
40000.0,13000,1.0,2.0,8.0,4.0,2,0.9,1.8,10.0,1.0,0,1,10000,0.9,1.3,1.0,0.5,5687
40000.0,13000,1.0,2.0,8.0,4.0,3,0.9,1.8,10.0,1.0,0,1,10000,0.9,1.3,1.0,0.5,5688
40000.0,13000,1.0,2.0,8.0,4.0,4,0.9,1.8,10.0,1.0,0,1,10000,0.9,1.3,1.0,0.5,5689
40000.0,13000,1.0,2.0,8.0,4.0,5,0.9,1.8,10.0,1.0,0,1,10000,0.9,1.3,1.0,0.5,5690
40000.0,13000,1.0,2.0,8.0,4.0,0,0.9,1.8,10.0,1.0,0,2,10000,0.9,1.3,1.0,0.1,5691
40000.0,13000,1.0,2.0,8.0,4.0,1,0.9,1.8,10.0,1.0,0,2,10000,0.9,1.3,1.0,0.1,5692
40000.0,13000,1.0,2.0,8.0,4.0,2,0.9,1.8,10.0,1.0,0,2,10000,0.9,1.3,1.0,0.1,5693
40000.0,13000,1.0,2.0,8.0,4.0,3,0.9,1.8,10.0,1.0,0,2,10000,0.9,1.3,1.0,0.1,5694
40000.0,13000,1.0,2.0,8.0,4.0,4,0.9,1.8,10.0,1.0,0,2,10000,0.9,1.3,1.0,0.1,5695
40000.0,13000,1.0,2.0,8.0,4.0,5,0.9,1.8,10.0,1.0,0,2,10000,0.9,1.3,1.0,0.1,5696
40000.0,13000,1.0,2.0,8.0,4.0,0,0.9,1.8,10.0,1.0,0,2,10000,0.9,1.3,1.0,0.2,5697
40000.0,13000,1.0,2.0,8.0,4.0,1,0.9,1.8,10.0,1.0,0,2,10000,0.9,1.3,1.0,0.2,5698
40000.0,13000,1.0,2.0,8.0,4.0,2,0.9,1.8,10.0,1.0,0,2,10000,0.9,1.3,1.0,0.2,5699
40000.0,13000,1.0,2.0,8.0,4.0,3,0.9,1.8,10.0,1.0,0,2,10000,0.9,1.3,1.0,0.2,5700
40000.0,13000,1.0,2.0,8.0,4.0,4,0.9,1.8,10.0,1.0,0,2,10000,0.9,1.3,1.0,0.2,5701
40000.0,13000,1.0,2.0,8.0,4.0,5,0.9,1.8,10.0,1.0,0,2,10000,0.9,1.3,1.0,0.2,5702
40000.0,13000,1.0,2.0,8.0,4.0,0,0.9,1.8,10.0,1.0,0,2,10000,0.9,1.3,1.0,0.3,5703
40000.0,13000,1.0,2.0,8.0,4.0,1,0.9,1.8,10.0,1.0,0,2,10000,0.9,1.3,1.0,0.3,5704
40000.0,13000,1.0,2.0,8.0,4.0,2,0.9,1.8,10.0,1.0,0,2,10000,0.9,1.3,1.0,0.3,5705
40000.0,13000,1.0,2.0,8.0,4.0,3,0.9,1.8,10.0,1.0,0,2,10000,0.9,1.3,1.0,0.3,5706
40000.0,13000,1.0,2.0,8.0,4.0,4,0.9,1.8,10.0,1.0,0,2,10000,0.9,1.3,1.0,0.3,5707
40000.0,13000,1.0,2.0,8.0,4.0,5,0.9,1.8,10.0,1.0,0,2,10000,0.9,1.3,1.0,0.3,5708
40000.0,13000,1.0,2.0,8.0,4.0,0,0.9,1.8,10.0,1.0,0,2,10000,0.9,1.3,1.0,0.4,5709
40000.0,13000,1.0,2.0,8.0,4.0,1,0.9,1.8,10.0,1.0,0,2,10000,0.9,1.3,1.0,0.4,5710
40000.0,13000,1.0,2.0,8.0,4.0,2,0.9,1.8,10.0,1.0,0,2,10000,0.9,1.3,1.0,0.4,5711
40000.0,13000,1.0,2.0,8.0,4.0,3,0.9,1.8,10.0,1.0,0,2,10000,0.9,1.3,1.0,0.4,5712
40000.0,13000,1.0,2.0,8.0,4.0,4,0.9,1.8,10.0,1.0,0,2,10000,0.9,1.3,1.0,0.4,5713
40000.0,13000,1.0,2.0,8.0,4.0,5,0.9,1.8,10.0,1.0,0,2,10000,0.9,1.3,1.0,0.4,5714
40000.0,13000,1.0,2.0,8.0,4.0,0,0.9,1.8,10.0,1.0,0,2,10000,0.9,1.3,1.0,0.5,5715
40000.0,13000,1.0,2.0,8.0,4.0,1,0.9,1.8,10.0,1.0,0,2,10000,0.9,1.3,1.0,0.5,5716
40000.0,13000,1.0,2.0,8.0,4.0,2,0.9,1.8,10.0,1.0,0,2,10000,0.9,1.3,1.0,0.5,5717
40000.0,13000,1.0,2.0,8.0,4.0,3,0.9,1.8,10.0,1.0,0,2,10000,0.9,1.3,1.0,0.5,5718
40000.0,13000,1.0,2.0,8.0,4.0,4,0.9,1.8,10.0,1.0,0,2,10000,0.9,1.3,1.0,0.5,5719
40000.0,13000,1.0,2.0,8.0,4.0,5,0.9,1.8,10.0,1.0,0,2,10000,0.9,1.3,1.0,0.5,5720
48000.0,15600,1.0,1.5,8.0,4.0,0,0.9,1.8,10.0,1.0,0,0,12000,0.9,1.3,1.0,0.1,5721
48000.0,15600,1.0,1.5,8.0,4.0,1,0.9,1.8,10.0,1.0,0,0,12000,0.9,1.3,1.0,0.1,5722
48000.0,15600,1.0,1.5,8.0,4.0,2,0.9,1.8,10.0,1.0,0,0,12000,0.9,1.3,1.0,0.1,5723
48000.0,15600,1.0,1.5,8.0,4.0,3,0.9,1.8,10.0,1.0,0,0,12000,0.9,1.3,1.0,0.1,5724
48000.0,15600,1.0,1.5,8.0,4.0,4,0.9,1.8,10.0,1.0,0,0,12000,0.9,1.3,1.0,0.1,5725
48000.0,15600,1.0,1.5,8.0,4.0,5,0.9,1.8,10.0,1.0,0,0,12000,0.9,1.3,1.0,0.1,5726
48000.0,15600,1.0,1.5,8.0,4.0,0,0.9,1.8,10.0,1.0,0,0,12000,0.9,1.3,1.0,0.2,5727
48000.0,15600,1.0,1.5,8.0,4.0,1,0.9,1.8,10.0,1.0,0,0,12000,0.9,1.3,1.0,0.2,5728
48000.0,15600,1.0,1.5,8.0,4.0,2,0.9,1.8,10.0,1.0,0,0,12000,0.9,1.3,1.0,0.2,5729
48000.0,15600,1.0,1.5,8.0,4.0,3,0.9,1.8,10.0,1.0,0,0,12000,0.9,1.3,1.0,0.2,5730
48000.0,15600,1.0,1.5,8.0,4.0,4,0.9,1.8,10.0,1.0,0,0,12000,0.9,1.3,1.0,0.2,5731
48000.0,15600,1.0,1.5,8.0,4.0,5,0.9,1.8,10.0,1.0,0,0,12000,0.9,1.3,1.0,0.2,5732
48000.0,15600,1.0,1.5,8.0,4.0,0,0.9,1.8,10.0,1.0,0,0,12000,0.9,1.3,1.0,0.3,5733
48000.0,15600,1.0,1.5,8.0,4.0,1,0.9,1.8,10.0,1.0,0,0,12000,0.9,1.3,1.0,0.3,5734
48000.0,15600,1.0,1.5,8.0,4.0,2,0.9,1.8,10.0,1.0,0,0,12000,0.9,1.3,1.0,0.3,5735
48000.0,15600,1.0,1.5,8.0,4.0,3,0.9,1.8,10.0,1.0,0,0,12000,0.9,1.3,1.0,0.3,5736
48000.0,15600,1.0,1.5,8.0,4.0,4,0.9,1.8,10.0,1.0,0,0,12000,0.9,1.3,1.0,0.3,5737
48000.0,15600,1.0,1.5,8.0,4.0,5,0.9,1.8,10.0,1.0,0,0,12000,0.9,1.3,1.0,0.3,5738
48000.0,15600,1.0,1.5,8.0,4.0,0,0.9,1.8,10.0,1.0,0,0,12000,0.9,1.3,1.0,0.4,5739
48000.0,15600,1.0,1.5,8.0,4.0,1,0.9,1.8,10.0,1.0,0,0,12000,0.9,1.3,1.0,0.4,5740
48000.0,15600,1.0,1.5,8.0,4.0,2,0.9,1.8,10.0,1.0,0,0,12000,0.9,1.3,1.0,0.4,5741
48000.0,15600,1.0,1.5,8.0,4.0,3,0.9,1.8,10.0,1.0,0,0,12000,0.9,1.3,1.0,0.4,5742
48000.0,15600,1.0,1.5,8.0,4.0,4,0.9,1.8,10.0,1.0,0,0,12000,0.9,1.3,1.0,0.4,5743
48000.0,15600,1.0,1.5,8.0,4.0,5,0.9,1.8,10.0,1.0,0,0,12000,0.9,1.3,1.0,0.4,5744
48000.0,15600,1.0,1.5,8.0,4.0,0,0.9,1.8,10.0,1.0,0,0,12000,0.9,1.3,1.0,0.5,5745
48000.0,15600,1.0,1.5,8.0,4.0,1,0.9,1.8,10.0,1.0,0,0,12000,0.9,1.3,1.0,0.5,5746
48000.0,15600,1.0,1.5,8.0,4.0,2,0.9,1.8,10.0,1.0,0,0,12000,0.9,1.3,1.0,0.5,5747
48000.0,15600,1.0,1.5,8.0,4.0,3,0.9,1.8,10.0,1.0,0,0,12000,0.9,1.3,1.0,0.5,5748
48000.0,15600,1.0,1.5,8.0,4.0,4,0.9,1.8,10.0,1.0,0,0,12000,0.9,1.3,1.0,0.5,5749
48000.0,15600,1.0,1.5,8.0,4.0,5,0.9,1.8,10.0,1.0,0,0,12000,0.9,1.3,1.0,0.5,5750
48000.0,15600,1.0,1.5,8.0,4.0,0,0.9,1.8,10.0,1.0,0,1,12000,0.9,1.3,1.0,0.1,5751
48000.0,15600,1.0,1.5,8.0,4.0,1,0.9,1.8,10.0,1.0,0,1,12000,0.9,1.3,1.0,0.1,5752
48000.0,15600,1.0,1.5,8.0,4.0,2,0.9,1.8,10.0,1.0,0,1,12000,0.9,1.3,1.0,0.1,5753
48000.0,15600,1.0,1.5,8.0,4.0,3,0.9,1.8,10.0,1.0,0,1,12000,0.9,1.3,1.0,0.1,5754
48000.0,15600,1.0,1.5,8.0,4.0,4,0.9,1.8,10.0,1.0,0,1,12000,0.9,1.3,1.0,0.1,5755
48000.0,15600,1.0,1.5,8.0,4.0,5,0.9,1.8,10.0,1.0,0,1,12000,0.9,1.3,1.0,0.1,5756
48000.0,15600,1.0,1.5,8.0,4.0,0,0.9,1.8,10.0,1.0,0,1,12000,0.9,1.3,1.0,0.2,5757
48000.0,15600,1.0,1.5,8.0,4.0,1,0.9,1.8,10.0,1.0,0,1,12000,0.9,1.3,1.0,0.2,5758
48000.0,15600,1.0,1.5,8.0,4.0,2,0.9,1.8,10.0,1.0,0,1,12000,0.9,1.3,1.0,0.2,5759
48000.0,15600,1.0,1.5,8.0,4.0,3,0.9,1.8,10.0,1.0,0,1,12000,0.9,1.3,1.0,0.2,5760
48000.0,15600,1.0,1.5,8.0,4.0,4,0.9,1.8,10.0,1.0,0,1,12000,0.9,1.3,1.0,0.2,5761
48000.0,15600,1.0,1.5,8.0,4.0,5,0.9,1.8,10.0,1.0,0,1,12000,0.9,1.3,1.0,0.2,5762
48000.0,15600,1.0,1.5,8.0,4.0,0,0.9,1.8,10.0,1.0,0,1,12000,0.9,1.3,1.0,0.3,5763
48000.0,15600,1.0,1.5,8.0,4.0,1,0.9,1.8,10.0,1.0,0,1,12000,0.9,1.3,1.0,0.3,5764
48000.0,15600,1.0,1.5,8.0,4.0,2,0.9,1.8,10.0,1.0,0,1,12000,0.9,1.3,1.0,0.3,5765
48000.0,15600,1.0,1.5,8.0,4.0,3,0.9,1.8,10.0,1.0,0,1,12000,0.9,1.3,1.0,0.3,5766
48000.0,15600,1.0,1.5,8.0,4.0,4,0.9,1.8,10.0,1.0,0,1,12000,0.9,1.3,1.0,0.3,5767
48000.0,15600,1.0,1.5,8.0,4.0,5,0.9,1.8,10.0,1.0,0,1,12000,0.9,1.3,1.0,0.3,5768
48000.0,15600,1.0,1.5,8.0,4.0,0,0.9,1.8,10.0,1.0,0,1,12000,0.9,1.3,1.0,0.4,5769
48000.0,15600,1.0,1.5,8.0,4.0,1,0.9,1.8,10.0,1.0,0,1,12000,0.9,1.3,1.0,0.4,5770
48000.0,15600,1.0,1.5,8.0,4.0,2,0.9,1.8,10.0,1.0,0,1,12000,0.9,1.3,1.0,0.4,5771
48000.0,15600,1.0,1.5,8.0,4.0,3,0.9,1.8,10.0,1.0,0,1,12000,0.9,1.3,1.0,0.4,5772
48000.0,15600,1.0,1.5,8.0,4.0,4,0.9,1.8,10.0,1.0,0,1,12000,0.9,1.3,1.0,0.4,5773
48000.0,15600,1.0,1.5,8.0,4.0,5,0.9,1.8,10.0,1.0,0,1,12000,0.9,1.3,1.0,0.4,5774
48000.0,15600,1.0,1.5,8.0,4.0,0,0.9,1.8,10.0,1.0,0,1,12000,0.9,1.3,1.0,0.5,5775
48000.0,15600,1.0,1.5,8.0,4.0,1,0.9,1.8,10.0,1.0,0,1,12000,0.9,1.3,1.0,0.5,5776
48000.0,15600,1.0,1.5,8.0,4.0,2,0.9,1.8,10.0,1.0,0,1,12000,0.9,1.3,1.0,0.5,5777
48000.0,15600,1.0,1.5,8.0,4.0,3,0.9,1.8,10.0,1.0,0,1,12000,0.9,1.3,1.0,0.5,5778
48000.0,15600,1.0,1.5,8.0,4.0,4,0.9,1.8,10.0,1.0,0,1,12000,0.9,1.3,1.0,0.5,5779
48000.0,15600,1.0,1.5,8.0,4.0,5,0.9,1.8,10.0,1.0,0,1,12000,0.9,1.3,1.0,0.5,5780
48000.0,15600,1.0,1.5,8.0,4.0,0,0.9,1.8,10.0,1.0,0,2,12000,0.9,1.3,1.0,0.1,5781
48000.0,15600,1.0,1.5,8.0,4.0,1,0.9,1.8,10.0,1.0,0,2,12000,0.9,1.3,1.0,0.1,5782
48000.0,15600,1.0,1.5,8.0,4.0,2,0.9,1.8,10.0,1.0,0,2,12000,0.9,1.3,1.0,0.1,5783
48000.0,15600,1.0,1.5,8.0,4.0,3,0.9,1.8,10.0,1.0,0,2,12000,0.9,1.3,1.0,0.1,5784
48000.0,15600,1.0,1.5,8.0,4.0,4,0.9,1.8,10.0,1.0,0,2,12000,0.9,1.3,1.0,0.1,5785
48000.0,15600,1.0,1.5,8.0,4.0,5,0.9,1.8,10.0,1.0,0,2,12000,0.9,1.3,1.0,0.1,5786
48000.0,15600,1.0,1.5,8.0,4.0,0,0.9,1.8,10.0,1.0,0,2,12000,0.9,1.3,1.0,0.2,5787
48000.0,15600,1.0,1.5,8.0,4.0,1,0.9,1.8,10.0,1.0,0,2,12000,0.9,1.3,1.0,0.2,5788
48000.0,15600,1.0,1.5,8.0,4.0,2,0.9,1.8,10.0,1.0,0,2,12000,0.9,1.3,1.0,0.2,5789
48000.0,15600,1.0,1.5,8.0,4.0,3,0.9,1.8,10.0,1.0,0,2,12000,0.9,1.3,1.0,0.2,5790
48000.0,15600,1.0,1.5,8.0,4.0,4,0.9,1.8,10.0,1.0,0,2,12000,0.9,1.3,1.0,0.2,5791
48000.0,15600,1.0,1.5,8.0,4.0,5,0.9,1.8,10.0,1.0,0,2,12000,0.9,1.3,1.0,0.2,5792
48000.0,15600,1.0,1.5,8.0,4.0,0,0.9,1.8,10.0,1.0,0,2,12000,0.9,1.3,1.0,0.3,5793
48000.0,15600,1.0,1.5,8.0,4.0,1,0.9,1.8,10.0,1.0,0,2,12000,0.9,1.3,1.0,0.3,5794
48000.0,15600,1.0,1.5,8.0,4.0,2,0.9,1.8,10.0,1.0,0,2,12000,0.9,1.3,1.0,0.3,5795
48000.0,15600,1.0,1.5,8.0,4.0,3,0.9,1.8,10.0,1.0,0,2,12000,0.9,1.3,1.0,0.3,5796
48000.0,15600,1.0,1.5,8.0,4.0,4,0.9,1.8,10.0,1.0,0,2,12000,0.9,1.3,1.0,0.3,5797
48000.0,15600,1.0,1.5,8.0,4.0,5,0.9,1.8,10.0,1.0,0,2,12000,0.9,1.3,1.0,0.3,5798
48000.0,15600,1.0,1.5,8.0,4.0,0,0.9,1.8,10.0,1.0,0,2,12000,0.9,1.3,1.0,0.4,5799
48000.0,15600,1.0,1.5,8.0,4.0,1,0.9,1.8,10.0,1.0,0,2,12000,0.9,1.3,1.0,0.4,5800
48000.0,15600,1.0,1.5,8.0,4.0,2,0.9,1.8,10.0,1.0,0,2,12000,0.9,1.3,1.0,0.4,5801
48000.0,15600,1.0,1.5,8.0,4.0,3,0.9,1.8,10.0,1.0,0,2,12000,0.9,1.3,1.0,0.4,5802
48000.0,15600,1.0,1.5,8.0,4.0,4,0.9,1.8,10.0,1.0,0,2,12000,0.9,1.3,1.0,0.4,5803
48000.0,15600,1.0,1.5,8.0,4.0,5,0.9,1.8,10.0,1.0,0,2,12000,0.9,1.3,1.0,0.4,5804
48000.0,15600,1.0,1.5,8.0,4.0,0,0.9,1.8,10.0,1.0,0,2,12000,0.9,1.3,1.0,0.5,5805
48000.0,15600,1.0,1.5,8.0,4.0,1,0.9,1.8,10.0,1.0,0,2,12000,0.9,1.3,1.0,0.5,5806
48000.0,15600,1.0,1.5,8.0,4.0,2,0.9,1.8,10.0,1.0,0,2,12000,0.9,1.3,1.0,0.5,5807
48000.0,15600,1.0,1.5,8.0,4.0,3,0.9,1.8,10.0,1.0,0,2,12000,0.9,1.3,1.0,0.5,5808
48000.0,15600,1.0,1.5,8.0,4.0,4,0.9,1.8,10.0,1.0,0,2,12000,0.9,1.3,1.0,0.5,5809
48000.0,15600,1.0,1.5,8.0,4.0,5,0.9,1.8,10.0,1.0,0,2,12000,0.9,1.3,1.0,0.5,5810
48000.0,15600,1.0,2.0,8.0,4.0,0,0.9,1.8,10.0,1.0,0,0,12000,0.9,1.3,1.0,0.1,5811
48000.0,15600,1.0,2.0,8.0,4.0,1,0.9,1.8,10.0,1.0,0,0,12000,0.9,1.3,1.0,0.1,5812
48000.0,15600,1.0,2.0,8.0,4.0,2,0.9,1.8,10.0,1.0,0,0,12000,0.9,1.3,1.0,0.1,5813
48000.0,15600,1.0,2.0,8.0,4.0,3,0.9,1.8,10.0,1.0,0,0,12000,0.9,1.3,1.0,0.1,5814
48000.0,15600,1.0,2.0,8.0,4.0,4,0.9,1.8,10.0,1.0,0,0,12000,0.9,1.3,1.0,0.1,5815
48000.0,15600,1.0,2.0,8.0,4.0,5,0.9,1.8,10.0,1.0,0,0,12000,0.9,1.3,1.0,0.1,5816
48000.0,15600,1.0,2.0,8.0,4.0,0,0.9,1.8,10.0,1.0,0,0,12000,0.9,1.3,1.0,0.2,5817
48000.0,15600,1.0,2.0,8.0,4.0,1,0.9,1.8,10.0,1.0,0,0,12000,0.9,1.3,1.0,0.2,5818
48000.0,15600,1.0,2.0,8.0,4.0,2,0.9,1.8,10.0,1.0,0,0,12000,0.9,1.3,1.0,0.2,5819
48000.0,15600,1.0,2.0,8.0,4.0,3,0.9,1.8,10.0,1.0,0,0,12000,0.9,1.3,1.0,0.2,5820
48000.0,15600,1.0,2.0,8.0,4.0,4,0.9,1.8,10.0,1.0,0,0,12000,0.9,1.3,1.0,0.2,5821
48000.0,15600,1.0,2.0,8.0,4.0,5,0.9,1.8,10.0,1.0,0,0,12000,0.9,1.3,1.0,0.2,5822
48000.0,15600,1.0,2.0,8.0,4.0,0,0.9,1.8,10.0,1.0,0,0,12000,0.9,1.3,1.0,0.3,5823
48000.0,15600,1.0,2.0,8.0,4.0,1,0.9,1.8,10.0,1.0,0,0,12000,0.9,1.3,1.0,0.3,5824
48000.0,15600,1.0,2.0,8.0,4.0,2,0.9,1.8,10.0,1.0,0,0,12000,0.9,1.3,1.0,0.3,5825
48000.0,15600,1.0,2.0,8.0,4.0,3,0.9,1.8,10.0,1.0,0,0,12000,0.9,1.3,1.0,0.3,5826
48000.0,15600,1.0,2.0,8.0,4.0,4,0.9,1.8,10.0,1.0,0,0,12000,0.9,1.3,1.0,0.3,5827
48000.0,15600,1.0,2.0,8.0,4.0,5,0.9,1.8,10.0,1.0,0,0,12000,0.9,1.3,1.0,0.3,5828
48000.0,15600,1.0,2.0,8.0,4.0,0,0.9,1.8,10.0,1.0,0,0,12000,0.9,1.3,1.0,0.4,5829
48000.0,15600,1.0,2.0,8.0,4.0,1,0.9,1.8,10.0,1.0,0,0,12000,0.9,1.3,1.0,0.4,5830
48000.0,15600,1.0,2.0,8.0,4.0,2,0.9,1.8,10.0,1.0,0,0,12000,0.9,1.3,1.0,0.4,5831
48000.0,15600,1.0,2.0,8.0,4.0,3,0.9,1.8,10.0,1.0,0,0,12000,0.9,1.3,1.0,0.4,5832
48000.0,15600,1.0,2.0,8.0,4.0,4,0.9,1.8,10.0,1.0,0,0,12000,0.9,1.3,1.0,0.4,5833
48000.0,15600,1.0,2.0,8.0,4.0,5,0.9,1.8,10.0,1.0,0,0,12000,0.9,1.3,1.0,0.4,5834
48000.0,15600,1.0,2.0,8.0,4.0,0,0.9,1.8,10.0,1.0,0,0,12000,0.9,1.3,1.0,0.5,5835
48000.0,15600,1.0,2.0,8.0,4.0,1,0.9,1.8,10.0,1.0,0,0,12000,0.9,1.3,1.0,0.5,5836
48000.0,15600,1.0,2.0,8.0,4.0,2,0.9,1.8,10.0,1.0,0,0,12000,0.9,1.3,1.0,0.5,5837
48000.0,15600,1.0,2.0,8.0,4.0,3,0.9,1.8,10.0,1.0,0,0,12000,0.9,1.3,1.0,0.5,5838
48000.0,15600,1.0,2.0,8.0,4.0,4,0.9,1.8,10.0,1.0,0,0,12000,0.9,1.3,1.0,0.5,5839
48000.0,15600,1.0,2.0,8.0,4.0,5,0.9,1.8,10.0,1.0,0,0,12000,0.9,1.3,1.0,0.5,5840
48000.0,15600,1.0,2.0,8.0,4.0,0,0.9,1.8,10.0,1.0,0,1,12000,0.9,1.3,1.0,0.1,5841
48000.0,15600,1.0,2.0,8.0,4.0,1,0.9,1.8,10.0,1.0,0,1,12000,0.9,1.3,1.0,0.1,5842
48000.0,15600,1.0,2.0,8.0,4.0,2,0.9,1.8,10.0,1.0,0,1,12000,0.9,1.3,1.0,0.1,5843
48000.0,15600,1.0,2.0,8.0,4.0,3,0.9,1.8,10.0,1.0,0,1,12000,0.9,1.3,1.0,0.1,5844
48000.0,15600,1.0,2.0,8.0,4.0,4,0.9,1.8,10.0,1.0,0,1,12000,0.9,1.3,1.0,0.1,5845
48000.0,15600,1.0,2.0,8.0,4.0,5,0.9,1.8,10.0,1.0,0,1,12000,0.9,1.3,1.0,0.1,5846
48000.0,15600,1.0,2.0,8.0,4.0,0,0.9,1.8,10.0,1.0,0,1,12000,0.9,1.3,1.0,0.2,5847
48000.0,15600,1.0,2.0,8.0,4.0,1,0.9,1.8,10.0,1.0,0,1,12000,0.9,1.3,1.0,0.2,5848
48000.0,15600,1.0,2.0,8.0,4.0,2,0.9,1.8,10.0,1.0,0,1,12000,0.9,1.3,1.0,0.2,5849
48000.0,15600,1.0,2.0,8.0,4.0,3,0.9,1.8,10.0,1.0,0,1,12000,0.9,1.3,1.0,0.2,5850
48000.0,15600,1.0,2.0,8.0,4.0,4,0.9,1.8,10.0,1.0,0,1,12000,0.9,1.3,1.0,0.2,5851
48000.0,15600,1.0,2.0,8.0,4.0,5,0.9,1.8,10.0,1.0,0,1,12000,0.9,1.3,1.0,0.2,5852
48000.0,15600,1.0,2.0,8.0,4.0,0,0.9,1.8,10.0,1.0,0,1,12000,0.9,1.3,1.0,0.3,5853
48000.0,15600,1.0,2.0,8.0,4.0,1,0.9,1.8,10.0,1.0,0,1,12000,0.9,1.3,1.0,0.3,5854
48000.0,15600,1.0,2.0,8.0,4.0,2,0.9,1.8,10.0,1.0,0,1,12000,0.9,1.3,1.0,0.3,5855
48000.0,15600,1.0,2.0,8.0,4.0,3,0.9,1.8,10.0,1.0,0,1,12000,0.9,1.3,1.0,0.3,5856
48000.0,15600,1.0,2.0,8.0,4.0,4,0.9,1.8,10.0,1.0,0,1,12000,0.9,1.3,1.0,0.3,5857
48000.0,15600,1.0,2.0,8.0,4.0,5,0.9,1.8,10.0,1.0,0,1,12000,0.9,1.3,1.0,0.3,5858
48000.0,15600,1.0,2.0,8.0,4.0,0,0.9,1.8,10.0,1.0,0,1,12000,0.9,1.3,1.0,0.4,5859
48000.0,15600,1.0,2.0,8.0,4.0,1,0.9,1.8,10.0,1.0,0,1,12000,0.9,1.3,1.0,0.4,5860
48000.0,15600,1.0,2.0,8.0,4.0,2,0.9,1.8,10.0,1.0,0,1,12000,0.9,1.3,1.0,0.4,5861
48000.0,15600,1.0,2.0,8.0,4.0,3,0.9,1.8,10.0,1.0,0,1,12000,0.9,1.3,1.0,0.4,5862
48000.0,15600,1.0,2.0,8.0,4.0,4,0.9,1.8,10.0,1.0,0,1,12000,0.9,1.3,1.0,0.4,5863
48000.0,15600,1.0,2.0,8.0,4.0,5,0.9,1.8,10.0,1.0,0,1,12000,0.9,1.3,1.0,0.4,5864
48000.0,15600,1.0,2.0,8.0,4.0,0,0.9,1.8,10.0,1.0,0,1,12000,0.9,1.3,1.0,0.5,5865
48000.0,15600,1.0,2.0,8.0,4.0,1,0.9,1.8,10.0,1.0,0,1,12000,0.9,1.3,1.0,0.5,5866
48000.0,15600,1.0,2.0,8.0,4.0,2,0.9,1.8,10.0,1.0,0,1,12000,0.9,1.3,1.0,0.5,5867
48000.0,15600,1.0,2.0,8.0,4.0,3,0.9,1.8,10.0,1.0,0,1,12000,0.9,1.3,1.0,0.5,5868
48000.0,15600,1.0,2.0,8.0,4.0,4,0.9,1.8,10.0,1.0,0,1,12000,0.9,1.3,1.0,0.5,5869
48000.0,15600,1.0,2.0,8.0,4.0,5,0.9,1.8,10.0,1.0,0,1,12000,0.9,1.3,1.0,0.5,5870
48000.0,15600,1.0,2.0,8.0,4.0,0,0.9,1.8,10.0,1.0,0,2,12000,0.9,1.3,1.0,0.1,5871
48000.0,15600,1.0,2.0,8.0,4.0,1,0.9,1.8,10.0,1.0,0,2,12000,0.9,1.3,1.0,0.1,5872
48000.0,15600,1.0,2.0,8.0,4.0,2,0.9,1.8,10.0,1.0,0,2,12000,0.9,1.3,1.0,0.1,5873
48000.0,15600,1.0,2.0,8.0,4.0,3,0.9,1.8,10.0,1.0,0,2,12000,0.9,1.3,1.0,0.1,5874
48000.0,15600,1.0,2.0,8.0,4.0,4,0.9,1.8,10.0,1.0,0,2,12000,0.9,1.3,1.0,0.1,5875
48000.0,15600,1.0,2.0,8.0,4.0,5,0.9,1.8,10.0,1.0,0,2,12000,0.9,1.3,1.0,0.1,5876
48000.0,15600,1.0,2.0,8.0,4.0,0,0.9,1.8,10.0,1.0,0,2,12000,0.9,1.3,1.0,0.2,5877
48000.0,15600,1.0,2.0,8.0,4.0,1,0.9,1.8,10.0,1.0,0,2,12000,0.9,1.3,1.0,0.2,5878
48000.0,15600,1.0,2.0,8.0,4.0,2,0.9,1.8,10.0,1.0,0,2,12000,0.9,1.3,1.0,0.2,5879
48000.0,15600,1.0,2.0,8.0,4.0,3,0.9,1.8,10.0,1.0,0,2,12000,0.9,1.3,1.0,0.2,5880
48000.0,15600,1.0,2.0,8.0,4.0,4,0.9,1.8,10.0,1.0,0,2,12000,0.9,1.3,1.0,0.2,5881
48000.0,15600,1.0,2.0,8.0,4.0,5,0.9,1.8,10.0,1.0,0,2,12000,0.9,1.3,1.0,0.2,5882
48000.0,15600,1.0,2.0,8.0,4.0,0,0.9,1.8,10.0,1.0,0,2,12000,0.9,1.3,1.0,0.3,5883
48000.0,15600,1.0,2.0,8.0,4.0,1,0.9,1.8,10.0,1.0,0,2,12000,0.9,1.3,1.0,0.3,5884
48000.0,15600,1.0,2.0,8.0,4.0,2,0.9,1.8,10.0,1.0,0,2,12000,0.9,1.3,1.0,0.3,5885
48000.0,15600,1.0,2.0,8.0,4.0,3,0.9,1.8,10.0,1.0,0,2,12000,0.9,1.3,1.0,0.3,5886
48000.0,15600,1.0,2.0,8.0,4.0,4,0.9,1.8,10.0,1.0,0,2,12000,0.9,1.3,1.0,0.3,5887
48000.0,15600,1.0,2.0,8.0,4.0,5,0.9,1.8,10.0,1.0,0,2,12000,0.9,1.3,1.0,0.3,5888
48000.0,15600,1.0,2.0,8.0,4.0,0,0.9,1.8,10.0,1.0,0,2,12000,0.9,1.3,1.0,0.4,5889
48000.0,15600,1.0,2.0,8.0,4.0,1,0.9,1.8,10.0,1.0,0,2,12000,0.9,1.3,1.0,0.4,5890
48000.0,15600,1.0,2.0,8.0,4.0,2,0.9,1.8,10.0,1.0,0,2,12000,0.9,1.3,1.0,0.4,5891
48000.0,15600,1.0,2.0,8.0,4.0,3,0.9,1.8,10.0,1.0,0,2,12000,0.9,1.3,1.0,0.4,5892
48000.0,15600,1.0,2.0,8.0,4.0,4,0.9,1.8,10.0,1.0,0,2,12000,0.9,1.3,1.0,0.4,5893
48000.0,15600,1.0,2.0,8.0,4.0,5,0.9,1.8,10.0,1.0,0,2,12000,0.9,1.3,1.0,0.4,5894
48000.0,15600,1.0,2.0,8.0,4.0,0,0.9,1.8,10.0,1.0,0,2,12000,0.9,1.3,1.0,0.5,5895
48000.0,15600,1.0,2.0,8.0,4.0,1,0.9,1.8,10.0,1.0,0,2,12000,0.9,1.3,1.0,0.5,5896
48000.0,15600,1.0,2.0,8.0,4.0,2,0.9,1.8,10.0,1.0,0,2,12000,0.9,1.3,1.0,0.5,5897
48000.0,15600,1.0,2.0,8.0,4.0,3,0.9,1.8,10.0,1.0,0,2,12000,0.9,1.3,1.0,0.5,5898
48000.0,15600,1.0,2.0,8.0,4.0,4,0.9,1.8,10.0,1.0,0,2,12000,0.9,1.3,1.0,0.5,5899
48000.0,15600,1.0,2.0,8.0,4.0,5,0.9,1.8,10.0,1.0,0,2,12000,0.9,1.3,1.0,0.5,5900
